time,ticker,text,link,sentiment,date
2026-02-24 22:30:18,TSLA,Tesla (NASDAQ:TSLA) Stock Price Up 2.4% - What's Next? - MarketBeat,https://news.google.com/rss/articles/CBMioAFBVV95cUxOaWZ4a3dpT3JiRUE3M0l6NGFyTUZ0WS1jVktVRXp3enJmd3YwTUxpdElLYWVXYWt5djAwV3dXOF95cEdkZjQ1dU5yVk4yeWJibC1LSGdlZEV1WlhNOFBLQV9qRkpkM3ZVS01zdmM1Qy1KZmtoOWdYWXEzUXVJT3BxZzE4MnFTTmRZN0VrdUhZNUtVbm16RGhEUXUydF9ndmoy?oc=5,0.7622184380888939,2026-02-24
2026-02-24 22:30:17,AAPL,Apple (NASDAQ:AAPL) Stock Price Up 2.2% - What's Next? - MarketBeat,https://news.google.com/rss/articles/CBMioAFBVV95cUxPZnRLZUE5bS1nT1pTRUhMZ0VfdmJZdXFkY3ZSR1ZVXzhGUXZyT0hnN0xmNUdBNkJ5anhldWg1U3VZU0xjbXk5TVdyenR2Wmh0bC13REVQdXBhaUFoRzRYVXNXa2dCb1ZvakZPcU8zZmtDX1lHODVGOG5PbjN2QW9fM3dSenlvWF9qSnl2QXgzd1A3Ny1IUXkxdmExZVNTOWp3?oc=5,0.7405171357095242,2026-02-24
2026-02-24 21:41:03,TSLA,Here's Why Lucid Group Stock Is a Sell Before 2027 - The Globe and Mail,https://news.google.com/rss/articles/CBMizgFBVV95cUxPUExDNXZUdzNrWDRqcXZJazJHS2plSGI5cFdJcWZTdmNkUzRoYWZfYlM0UHBkckVfajJJZVB0aHpSU3pma29tYmEtTkJtM1g0SnM1d0MyTzZ3cUcySXhWVlNhY3pUVmwzdUZHVVBaYWN0NUYtQV9tbFEyOGhudXJsb2F2bVRzU3R3NTZpQjY0RXBVbzR1RTZzamZ0bHMyNWpWMWJ5OWFHa1ZrRnd5ZmFXdkQyZEpRLU1PNWRpeEdkc2k2M3RfajlsenY1UGlSZw?oc=5,0.006943171843886375,2026-02-24
2026-02-24 21:17:00,TSLA,"Tesla Is Suing California, Says Report. What It Means for the Stock. - Barron's",https://news.google.com/rss/articles/CBMiigNBVV95cUxNWG50ajdvQzIzcGxTLUR4WTc5OExLLU5TR1NaejY1UFBXNUdLVkQ4cEtPTmY5dG80aDAzRUtTQ21TOTRId3d6eGVGZ21VOWViY29oOFFnaTdhYmMySHMxRHczcHBEcFhXOWpnSlI5bXA5ZHN5a3k5TUZmVmpuU1lqejFFRnlodHdIa0M3dG9OTU9EeHJkSE5raFI1c3cyc3pscWFCUVJIRnh0azRQYzkxOTl6a3YyUF9HNVVoWGQ0TmhsYzJtcDRtN09id1RicTREWFUyNC05SUVvZHlITU4wQUhYOVQwMW54bTBnWUNKSFpXa25TWVpYQ3NkSXlrTEN2U0luR1ppQWZKZndJRzdQV2dWeE9jZjgtdWVTS0ZXUl9XZFQ2dWIzQ0RwN2NscEpLdC1oTm93ZHdGSW14VDk1dTZpOHF3Y1lfOVFnUW1oZUdtZXYzVEVFTDR3bmdXdkgxY0ZycDBwUkQxd3N4S1paOG1HOUFMa2JvQ2oyTTBJcUluUFRrd2NJMDdB?oc=5,-0.010147549211978912,2026-02-24
2026-02-24 20:34:47,AAPL,Why Openlane Stock is Drawing Institutional Investor Interest - The Globe and Mail,https://news.google.com/rss/articles/CBMi4AFBVV95cUxQN0JhUHhqWTV0YkxOYkh3cm95ZUxacmJqLWpPYTlSdDBSazNuS1ItdW9DWmtyTDRuY09uQVh3cHJFdk1SMmVYVnVjcFN6V0ZmY3NtMlAtdDZUWWpVOTJIMVhRWlo3ai1xRmhzSjFNVVNYY1dKZU94eWpsOVFoQWtmcW94eXhnNWNCZ2I0RWZvdFlVZEtsclVIb0FvWlA2enBNRVBMeUFoOVQ5b1dSYjRWazRVWDF3dW0wal9oYXlZVkNQNW1QQ0F2ZV8zTWFKTTRpWlNKTXNXM0RJS1EyaG5wTw?oc=5,0.0715136956423521,2026-02-24
2026-02-24 19:07:30,TSLA,Tesla’s P/E Is Near a 5-Year High—Buy Signal or Panic Signal? - MarketBeat,https://news.google.com/rss/articles/CBMinAFBVV95cUxQQTRSNmFsREFaNVpGNHZTNnNlWGZnUmdtamdCZWJIRU1sSXpZVmtIQTc5V1lhbkRRejJkczc4eUNhMXhhc2JobXFoUUVXQ2hMY1BDelhacWRiNGN0Z1BtLU5ndjFqQVBlYXcyaFdWdGt3c0pSUTFsX285eDl3S3Q0UmlmX3pyMkJneWg0ekZxdTdCbUFPS29mbUZMaDI?oc=5,0.116708192974329,2026-02-24
2026-02-24 18:37:53,TSLA,"What's Going On With Ford Motor Stock Tuesday? - Ford Motor (NYSE:F), Tesla (NASDAQ:TSLA) - Benzinga",https://news.google.com/rss/articles/CBMiowFBVV95cUxQZkNaXzVKdkpCQ0VJUGNmcWI2YkRIeDFZWmZlZng0dUxGNXh5RlRpdk5HM3VTQU10dXNiX1Bib0psMkRkNE0yOGhVTWRSd0FMYWk5aVoxY1EyY0l5c0NRY081enZocHYzcjM5Y1pVajJLa19aYzZZRWhURkYwTGtnOGlzN1hSa3NYSTlZRWkwRmVGSDFmempleV9kWjR4bnlhMHBJ?oc=5,-0.18371813744306564,2026-02-24
2026-02-24 18:37:30,TSLA,“Wrongfully and Baselessly”: Tesla Stock (NASDAQ:TSLA) Gains as Firm Pursues California - TipRanks,https://news.google.com/rss/articles/CBMisgFBVV95cUxOODBCdEU5cWxnbUtnN2xlNDF1MEZPaDlfdGxabnNoZ3p2SVR4cXBmX1NXSkItNjUteXlrLUpER1hxcFp1Z1JhSGtQb1FFcE14Uk4yNGhiYlR0Tk54RFZFUDh2a2FyVUMyZkJoTUxKUFJlYnlERVpoTGRDTDNjTnV3S0h6Y3dWdEIyZDBFMjFWZlh2Y3Y5WG5wcVA4X0ZYT0VXTWpHcm1pRTBBQVVpUFo1bVFn?oc=5,0.609556570649147,2026-02-24
2026-02-24 18:36:21,AAPL,Apple (AAPL) Stock Pops After U.S. Mac Mini Production Shift - Wall Street Pit,https://news.google.com/rss/articles/CBMilgFBVV95cUxQc3hmYnNZbnpKVTYtdVJHOVRLZ3BkUkNWY0txRjJ4Sm01MTR1SjhjcWo0UXRpbklSbnhYWmZEelcyVFhOTU9EVXlpMmZmV0xJc2wyVjRSc2RUNnVJeXZUX3lKWk9IQjI2bkF2aXNYcHZzaHBSdmNxQzFNTVJra042cUVpcy1kVU54NklYb0oyYUYtbk16X1E?oc=5,0.06910517811775208,2026-02-24
2026-02-24 17:04:26,AAPL,"Apple shareholders greenlight executive pay, reject China proposal: report - Seeking Alpha",https://news.google.com/rss/articles/CBMipgFBVV95cUxObzNNTTNKZlQzQ0tuR2VwNTFhRm4yeFoyWTdEVDdra2ZxM0hvWEZUVE0tVGhZNThvNkhqNkZ3X2Z0bnhIazlqa2d4a29UU2JQcm4xWnN1UlBHSWhSdVNUOGVtVFJDano2VXVpU1pwYkxud1FtdTEwZmtNMUV5cjR6UE1RM0s5NHBqYi1oZWh4WC1yMWFGekE0dWlkOG1HeHJ3djZFZC1B?oc=5,0.05104317143559456,2026-02-24
2026-02-24 16:59:41,AAPL,Apple's Services Growth Ride on Strong Content & Games: What's Ahead? - The Globe and Mail,https://news.google.com/rss/articles/CBMi4AFBVV95cUxQT29iMzdsYkNJNjJVUU11dkdabGdnR2R1Y1JnZEI0UTg4YzFqV1dCMDh0N2ZWdW5MOFljbTJaX25BT295YjhwM1h3RnVfd2pSMUoyODZwRmptc0xRb3RWdi1nNUM2aHdwSFUtcmVGZk1xTnpmNWlQbER5MVlhOWlSX0ZyOVNzXzJkNzZjLUtKakxLZ09lLTlFYzVQVWNSRjRiR0QxUXJtTjBPT1ZmQUFCUXFkWVlnSXltbFRCTlJSNVA1VjJrUFE3QnJNUVJ5TkVrVWhiNXZBeG1wSFkyLTFDeQ?oc=5,0.21576243359595537,2026-02-24
2026-02-24 15:30:13,AAPL,Apple (AAPL) Stock Dips 1.1% to $245.78 as Investors Await iPhone 17 Details and Services Growth Update - International Business Times Australia,https://news.google.com/rss/articles/CBMivwFBVV95cUxOZVF4Qzg5VjlGdlg0ZFR5WmJ6Nlk1Rll6R3FCUDdjNkxWb2NUZnpJTTEzNE9KWjZ6X1pQR0tOVy1iNURNdXdodXJMQ2Rzd3NLcWRlanQtWGU5c3RyUXdrYm9Ya1B1Q0VyT0tzaUxZTk9CNUVjbG1IZUZkUFZuVWctUnJsTGtpNWhLMzd0UHQxR1pUeVFTNzBONzhnNmQyeUdFTHpJdlNWdm40aUdwM1h6VXFqVlI2cjVWbE82N2VBQQ?oc=5,-0.9224606584757566,2026-02-24
2026-02-24 13:10:06,AAPL,Apple Inc. $AAPL Stock Position Raised by Tufton Capital Management - MarketBeat,https://news.google.com/rss/articles/CBMixAFBVV95cUxQVkRwX19YYWpKWVVWOXVYYzhOcF9vTjFXNHJoc0VORGhfelZjeFd4OURObHh4Z3BPNTBlU3QxVHZzUXc4bUpudVc2NjhfV1lDb2NWZUtqNnNqUkx4TUFIb3YxN3NRNGVmeVFBaEpQbFFVVTMwOW9sbDFOem5MQzZKMm0wYkxlRkUzS1Vja3M1bWpSWmFIekd2eVdlR0FNdzFBU2VSYzFCSFp1UmJWelN4VVpVUnh0X2Q3c0lrU2NaRkJGY3l3?oc=5,0.250253738835454,2026-02-24
2026-02-24 12:28:01,TSLA,Tesla Stock: Is TSLA Outperforming the Consumer Discretionary Sector? - Barchart.com,https://news.google.com/rss/articles/CBMirwFBVV95cUxOR2ZrWFVLb0ZCdk94QTZKRmlBeWI3SlViM2ZZRWo5OTV3eEN1N2ZMZkNEMU5VLVBjMzBpcFJaREZRY1E3MGpBSm5lbmFiLURxQXRnbjBneGRyaHJ0enJRcTRxempoRnR5VUF3RHhfb2tkMk5zcktOa0lKNU81a1dqSzU3QUZNcjdoY2tnemRBaXAxSThoMHcyaEp6anpHVklpZTladlFpa0lLY19MMW5N?oc=5,-0.1384183093905449,2026-02-24
2026-02-24 11:00:00,AAPL,Apple’s $600B U.S. factory push: AI servers and a Houston Mac mini line - Stock Titan,https://news.google.com/rss/articles/CBMivwFBVV95cUxPUEdiZnhpNUswNV9keklnakRicklNb3JzM25ZWGpicURRc2tVRThiZDlnSnhUUHh4YURnOGk4dTlSVlB4VGkydnpwTWdWYVhmODFvRUxPRGgtbzBSRTV1ZXR5NnhkbFhsWXFscWRxOVRneUtRclNzS1doNUd6MW9Sc05mUkdhWHJ5aUtPYlNaUHJncDBiRjhiMWplT0d4ZjFiSTFia2RGeFFPTnlBa2kyZ2J5ZTdMMXQxd05TZ1E2Zw?oc=5,0.18235410563647747,2026-02-24
2026-02-24 10:16:25,TSLA,Tesla Stock (TSLA) Slides as China’s BYD Extends EU Lead after 2025 EV Shake-Up - TipRanks,https://news.google.com/rss/articles/CBMiqgFBVV95cUxPWmwxNXMwMl91ckh5ZnNhSmVwVVhrSUxHMWFySVR0Rkpxc1lwaHZfOXBnNjRNOXlzdUsxWjdOS1NYdFhnSWs5T2Zwa3dKS3ZCUmswaVQ5cVFya1lwS3NnU2N2QzU5QWNKZUg2R3ZqRkZVNVNtM3RYLXpnRVhMak1ld2JXeWJLZGM3MThlbTlnc0JjU1Y1WkRQN0d1eFN6ekNLS19tQm1HZW5DZw?oc=5,-0.9535137386992574,2026-02-24
2026-02-24 09:29:13,TSLA,Tesla EU Registrations Fall 17% in Another Blow for TSLA Stock - TipRanks,https://news.google.com/rss/articles/CBMipAFBVV95cUxPdEVXUkZDekc4QmJBRUIzWlpNUWI0Z2F4N0ZVZEMtS1AwakFocV91Y0Fra3JNRzNvVi0wRXZxMEJaSE4ybThtbEMtcVdrRmhTc18zX0czakh0aUxOOVlhTDlUc3h2X3dkX1l5UXp2bWktckc4QThGU0t5R0tGR00tTXUzX3IwWkk0TFZvR1VXazNaSnNLYnZKck1fT2NLTjkzNzZXUg?oc=5,-0.9595406362786889,2026-02-24
2026-02-24 08:58:10,TSLA,"Ross Gerber Highlights Meta's '$23.6 Billion' Share Buyback Cost, Warns TSLA Shareholders About Stock Compensation - Benzinga",https://news.google.com/rss/articles/CBMi9AFBVV95cUxPcmY3Qy03UkdRRU9UdzlRYUMwa0FWWVU0ajBMeGJiWERLcFNVd2JwcVgtTUt3bEJ6Wk5GY1JZYnYtcWxKd2pvaEt5ZXlaNnZhdEF6TWFPVXVMczVZT1RCRW56dDc1dWFUVE9MX0tzeHNhN1ZPQTV5U3ExWW9kNVdPOXZQdjdKTThpUG5WbkprZHN3RnY2eWVIQzNRdVNBM1R6azVOQ1NYZHZQQ196UHRtVXlaeUp1eUVIclRJbTA4RGxsMi1uTVFVVU5ZcUs3bjBaMWFfR0wtc29GM0RfeldGUnpOdG91Skp1WjBFUUF3WjNaZlJP?oc=5,-0.6793258283287287,2026-02-24
2026-02-24 08:45:49,TSLA,Tesla (TSLA) Valuation Check After Recent Pullback And Diverging Growth Narratives - simplywall.st,https://news.google.com/rss/articles/CBMixgFBVV95cUxNcVhHNDU4aWg4MEktUnVtQ2VJZ3ZEWGtzQnZ4ajNYY2U4S2pHd09qR0ozU01kUl9pdEZ0NHRmS1lPQkJHaEhCakZnOHpGaWFmSHh2YjQtQ1h4RWYzTC1Fd0RJQlQtXzJHek5DREx4Yi05RUNVeURZMjZ0WmpCSlNCZ05HdWRyR2VRWGVIZlBqSEF3M3loYndFLUxzQWhPdFlueDAtSzNkU0syd3lTeXBQN0NIdnE5R2RJY3JfMkcxNENOczNUcWfSAcsBQVVfeXFMT0pBaDB5U1ROdVRYd3c0NlJvVzRLb2kxQzhHb2dVVTlkdUQxWUZScW12YnRYcmZwbHJsZGVDeFAtV1ZoQUZQeUVhZWNNWWdjMTA2NlpYRFRvMmtyLXVBVkczeXkzc2RUVG4tQW01em9uTEJYSVM1RFJzclJ4cEVCNzFHbmp4S2VBV2FhUmdJSEFfU1h6bHhVZkJnZVEyM0FNcjF3UmhNQWQwbVIzd0ZhWTBYZ0MxWXNWbUl2YVlUZV9OakZDaVJzbWtzQ0E?oc=5,-0.11731326580047607,2026-02-24
2026-02-24 08:38:05,TSLA,When (TSLA) Moves Investors should Listen (TSLA:CA) - Stock Traders Daily,https://news.google.com/rss/articles/CBMingFBVV95cUxNQ1VidHV4a0lOaUtlLTludm9Ic0VzYXNHQ2hXdzlxS3ZObmxfcmNMNkdKNzIxX3BjbkcyelVjVGFOYzVIaGJacnhmbE93V2wwa1RlVHJReldQRDZIcmpEbWNoTmV4c0E4Y0hTM1Fra3QtQWN6QkI5UXdGbXA2dWxuc01kTFZ1STVkMUxwZ2VHUWt2QlFKVzJNNlE1MWY2QQ?oc=5,0.007744671776890755,2026-02-24
2026-02-24 05:03:27,AAPL,Assessing Apple (AAPL) Valuation After Record Q1 2026 Earnings AI Plans And Supply Chain Shifts - simplywall.st,https://news.google.com/rss/articles/CBMivAFBVV95cUxNa2FZLTR1S1pKc0NPV1gwbm1GQzh5eHc3WEp2X0pMc3ZBVFBiZWhvd1lRa1VPVEJXVEVLREFTenhEczhGeEpRTHlVWXN5S0Joalh1cGZaWnotUTFjdGNacUJteVdId3hvYjdENUtjclk3R0p5VElVYXQ1YWZPSXJRZlJaUVpZSmgzYnVGc2tMTVNDbExTcnBsMTZhS0FqTElhMzYyRjJGMENvQk1ZTXFyRnp5RVhhMEJ4RnM3RdIBwgFBVV95cUxPYUZfaDNZd2RFZFdDQkNaVS1ZbnhxUTJkS2dGR1JTMU5ZSWNnMFV6RFdhZDdfWjkzQ0ZYU2FUY1VPT2dRWFplcU9sUnAzYnRFcFA3TTQxVVEzRG0xRFdOTUEzR1VYM2Nsck41empiOTRZOC00ZFVhNnkyLWdSNTExNUNFdHQ1MEExa3J6cmVNdVB4TTNyOHFIRnBUM1F1TmtfeE1JY1N0aG1JOE1kM0FobkpuUEkwRG9Ya0ZLb09tWHJYQQ?oc=5,-0.02802674099802971,2026-02-24
2026-02-24 03:43:00,TSLA,"Below $400 Again, Is Tesla Stock a Buy? - The Motley Fool",https://news.google.com/rss/articles/CBMihgFBVV95cUxNY0pkdXVjX3lzR1EwZDAxLTVGcHg3YmU5ZjY5em1RV0NIVVE2dVhQRG1WWTYwSzFhVHZQamhfdWtGUFVMUkFDTVpqTzU3bVRyV2NBWTNQTVZsT21zVmMtbUd2X0pHUTc3ejNQLWNIMS1RamhidHlONno3czgyWXlyanpKUk15Zw?oc=5,-0.014558881521224976,2026-02-24
2026-02-24 00:05:00,TSLA,"Tesla Has a Robotaxi Problem, and That's Bad News for Its Stock - The Motley Fool",https://news.google.com/rss/articles/CBMimAFBVV95cUxPdGo0N20xbDN0bmVHaExyWWl2cnhYczdZazF5cnN4WXEyMVFnYVdVSGtkVXoxOVlfcmxpTEdPWFpQNm5XMmcwZ1A1b0ttaElsX0JvWmpFYUREV2V2dzg4MW0wbV93VkR4bjdzaElPNzVNazBoMFJ0akFWQm9fUmZIR1Zza0hBUEVkOTN1b0NucjNwTVdNa0NLRg?oc=5,-0.9591118786484003,2026-02-24
2026-02-23 20:46:42,TSLA,Tesla Stock Is Taking A Dip: What's Happening? - Benzinga,https://news.google.com/rss/articles/CBMipwFBVV95cUxPT01COHBtcXJUTTYtc2Z4c1VIYVZSdERSSW9iZ3pMSXBUZWhYSnVRalUxVUxqNHpkb0NJRkRsdGNEWEVCTlRCalk3NmVFUjFvNjN6U0owV2JlaDc3alZaUm8zdDEyTHl5blBmb1Q3UVhoSTFGcFczSlpObGc0NmlaRUhxVHZFdlFmRzhySzFucEp5UXZqdkdycEZiOUVzWnpjZDJNTklOVQ?oc=5,-0.6598005201667547,2026-02-23
2026-02-23 18:04:23,TSLA,Tesla Stock (NASDAQ:TSLA) Plunges With FSD Data Issues - TipRanks,https://news.google.com/rss/articles/CBMiiAFBVV95cUxObENBamtLckk4aHpDNmV4MEZCdGpsMVQwN19zWEpNVkF3YTdyQzhGckN4Q1prTy0tYnZGUDdCY2hjN2RoaDBFdXZ1SFBwM0FaUkdXT2dfMkVCVF9UNHQxVFpNem5ISlVsWC03Tm5mbnM4Q21WbkV6elVmaW9TamVJVEViT01tclNx?oc=5,-0.9512372314929962,2026-02-23
2026-02-23 17:57:42,TSLA,Tesla: The Primary Kinetic Anchor Of The Autonomous World Order (NASDAQ:TSLA) - Seeking Alpha,https://news.google.com/rss/articles/CBMimwFBVV95cUxPSlRJM1dvaWp1QUk5eTNudHQyTjExOExNNGY5ZTRvUVRzaURpQWFPb0oxdFVVUVNzbnB2U083R05FajEzT056SE1neVpaTDRaUnZzYmFBNUxmX3hWQW4zRG1CUE5RblVkX09sT3RudHU0XzlIaGctT2lXeGpNQ01QaGFIRzQwSU5iVjlwb2o0T21yUm85NTgzZUM0UQ?oc=5,0.09801135584712029,2026-02-23
2026-02-23 17:47:13,AAPL,"9 Stocks Charlie Munger's Money Manager Loves - Apple (NASDAQ:AAPL), Bank of America (NYSE:BAC) - Benzinga",https://news.google.com/rss/articles/CBMilwFBVV95cUxPVFNscEhiQWpyT21zN1JCS1dWOVpaS3lNa2VnU2VSMmZHcm9SRk54ci1QVDRoQVBXcFRNV0hHVjByYzFjMmpVV0k5SzdRbVBkS1pOSlNRVmFScU0tUGRKUEdYWmJ0d0pXa3V5N2REMFNkd2trYXpzenhRTnFZc3VQc3RzbzRoUGtpVnBEQUdqLXk5V2x0MFZZ?oc=5,0.055931427516043186,2026-02-23
2026-02-23 17:33:00,AAPL,Apple Stock (AAPL) Opinions on AI Wearables Development - Quiver Quantitative,https://news.google.com/rss/articles/CBMilwFBVV95cUxNdDJLaTRLVWY1d1J2OU55cEZQTUtvRDBfNFZnVlo0bVRPYnFmUW9QWVY0elpaZXF5dkU5TDBEZFVLTjcwajFja1JtQTBfbGZ2eWNJbHU5NHZlUWoyWkJFYzMzNVppRHBoalNpTlV0UTdFTmlic09OczlZdU9qUU5zNU1aaUlSRlpFM2ZTVkNDVGRpclFRVmxF?oc=5,0.056393188424408436,2026-02-23
2026-02-23 17:16:09,TSLA,"As Tesla Cuts Cybertruck Prices, Should You Buy TSLA Stock? - Barchart.com",https://news.google.com/rss/articles/CBMiogFBVV95cUxNUlRhTnJPUnl5Y1NncnUwUUItS1FWWDhzUFpRM09ocW1TcFNSb2RSSjVLanloZ19DUmRUMmlyWUxzdHlkLWpPei1CN2V6VXlGQnpvdU04UTVDQUxfUTY4dHRoSEN0UEU2alp5bFlpLTNObXNqTGJUUVd4U1VYOVRVeWVYMG5zV3dZZ2kwLUlfNGVWMVQyd0puSjZtR3lMWHlSVXc?oc=5,0.017750801518559456,2026-02-23
2026-02-23 16:51:19,AAPL,Apple Stock: Is AAPL Underperforming the Technology Sector? - Yahoo Finance,https://news.google.com/rss/articles/CBMikwFBVV95cUxQZUlMbzlQSmpPTEc1X2VQRGU4eEwxb1Q0V2lrSzlLdXhhemVTaDdWZHk4U0FqbjFyVGdDZXdqcWlKaUM0M29fdFlGdER6THljcFNoQng0eVpzVFN4LWdtX0xFbU9SR3ZzMWRNd0xUSV9iRlNiWTFteE1VTHA1a1hCRTJycVJWd0RldjNVMjZqWUJqd28?oc=5,-0.6558214537799358,2026-02-23
2026-02-23 16:24:32,TSLA,"Tesla: Bears Fade, Narrative Doesn’t (NASDAQ:TSLA) - Seeking Alpha",https://news.google.com/rss/articles/CBMif0FVX3lxTE5qaER3VnJkM19JVkFERnBVa19RdXlLM1lIS3lnR2xmUVJ4X2UzMGFULUpPczU5SGFzcmJIaFhLd0k0Qi1mRnRtTFg3X2tEWTROeVJtc0hCbkptd2VHb3dfR3gyVzdNdnpjQUdhUVQ1NFRFeHlRRWlEQjRORHhMMXM?oc=5,0.05243786610662937,2026-02-23
2026-02-23 15:50:13,TSLA,Why Tesla stock is down over 2% on Monday - TradingView,https://news.google.com/rss/articles/CBMingFBVV95cUxPWGwyRm5GX2FJVnRyOXJPX2RHTndpTjBFZnVEbmJYOVJhY08yVE82dmNNd0s4bnZ1T3lfVzdtTVFNQ3QtN3FyRjNmWWNMREVQaFQ2VExoaUR6Z3VaV3VGSGdiTUx3NHJsRWVfQzA4UVFVYUhIdGdLODJfRDZrUk5keHFoR0FEYjFhX1BHQTFRTUk4cEhJeW85eWh1RURNQQ?oc=5,-0.9456841768696904,2026-02-23
2026-02-23 15:06:00,TSLA,Uber Rolls Out New Effort To Attract Robotaxi Partners - Investor's Business Daily,https://news.google.com/rss/articles/CBMilgFBVV95cUxQLUUxamNOZDJzZlVMN0lpejZ1VmdrVkZxWHRielMxYnNlV3BzOFdzZ2M2Uk9lZl96Sm9IUk1XS3YyNGJiQVFiLXdFdzV0NmR2M3lTMlF5MXpXblFHY2lydU9NRnZJOC1LOHJzQUVjT1hqUk9qVDQ4eUlOaGNUV180VG1McEEwMXFxaEd1WldEM3I2QjI5UFE?oc=5,0.3383927075192332,2026-02-23
2026-02-23 14:04:00,TSLA,Tesla Stock (TSLA) Opinions on Model Y Six-Seater Approval in Australia - Quiver Quantitative,https://news.google.com/rss/articles/CBMirAFBVV95cUxPdW1DNGswQmRidEU4Zmw5OWdSMkdMZndVejcyWVItMnZlTXhUcy1xc01aczBOeE1lY2NRZFZlaXphbUZHWWdOUzktTk92VGJuWEZ0Yi1zSjNWYVZhenR5eExGMlhkZlQ0SmdocVIxaFloSlMzV0l3b185NF9pcDVlaUpNd05STzRzMlBvM0xINzBkeWpTanpYYUUtcEN3VDQ3V2g5Rm9EVzN0Ul9r?oc=5,0.11618942767381668,2026-02-23
2026-02-23 13:53:11,AAPL,Apple’s Stock Recovery Is No Recovery At All - Yahoo Finance,https://news.google.com/rss/articles/CBMihAFBVV95cUxNak5XaXhPbXJzc0tOQWFwSlJHSzkyaTJkVlBfc3QtdW40UDlpd0EtLUw2bHBEOXg0S1pPdmh6Q1BzNzFscVdINFJlSGpGY3hMQWl3NFQxU0l6enBGbGpvUUM4TXJ1M2FPSWIxdGhsbnBSeWtMa0tiZ2xhTFhMeWRxTnB1dzQ?oc=5,-0.08898793533444405,2026-02-23
2026-02-23 13:49:18,AAPL,Apple: The 2.5 Billion Device Machine - Seeking Alpha,https://news.google.com/rss/articles/CBMigwFBVV95cUxQcXB0LWxMUlA4MnFkNFlzTXBjRnJNUU9TajNpYlZpWmhtUS1WZVRqN1dwTXVzV2MxUHYzb2dNZmY1YXFWdUxXVEVqVmxjaTdVY1JXN3p0ME1ua2xCVVNkQmhkaFNjM3ZHNHhpZ1g4UFd1OURCdzdSNVI3UUlFcUJXa2V5Zw?oc=5,0.05424259230494499,2026-02-23
2026-02-23 09:02:00,AAPL,You Don't Need to Buy Apple Stock. Here's Why - The Motley Fool,https://news.google.com/rss/articles/CBMijgFBVV95cUxOblY1LXpZZE1kSGI4TzU5U0NGcGM0bEVENWpGTmJEVkdMZE1SOE9iZFVJbHFyZm82aDVXRFllOGl5alg5eFBsaVlyMkRfZDVmOFlxZVNJLUNVN2FWaTR6TmozR2lPZ0hLRFI5QTJ1NkRNMDR6c3lQN01zWkRSZC1vYkFyMHkyV0RPRHFtM1lB?oc=5,-0.03958483785390854,2026-02-23
2026-02-22 15:24:46,TSLA,Mixed Analyst Sentiment on Tesla (TSLA) Post 5 New Collisions in the “Robotaxi” Fleet - Yahoo Finance,https://news.google.com/rss/articles/CBMihwFBVV95cUxOZXhnVkFtOFNKeFJ5Vks3cm9jQTFDVUxYWEhramRQTktUVUJqYkh0ZmhHX1gwVzZkQlpiazRwUVE1Q1ZQX2dMQUlkREZjZ3dkTzZqQVFWSXV5RGhWNkpmRzhVVGdKQUZ3R01WdlFzOUFFNjBOMi0tSnJieUMzVGIwVXQycHlhQkE?oc=5,-0.7220466807484627,2026-02-22
2026-02-22 07:30:00,TSLA,Robots on the Moon: will this kick Tesla stock forward? - Yahoo Finance UK,https://news.google.com/rss/articles/CBMigwFBVV95cUxOb3pDQVV1WDJJZjF2MmozSUtYck5ZaHVWRHo2S0pETlBxTFJDTmRIdnZIX3FqRnViaVBmcy1vN2dydmFoeDFkMnBEUW5nNkFDTU94UHp5N0lGTDBrRmtWem9JaE9JbGhpUzE4R0xVV2hXdG5xejNRMHc4UkNhWnl5SnRudw?oc=5,0.4795905640348792,2026-02-22
2026-02-21 19:58:26,TSLA,I Bought Tesla Stock at $17 in 2010 — Here’s How Much I’m Worth Now - Yahoo Finance,https://news.google.com/rss/articles/CBMifEFVX3lxTE9qYUVEUk9WUnNSZ3Qwd3dEWjFCQmpIdExkVmJFWWN4R2QwbUZ3WFFYS0x1Z082QVI0TXFYWEw1eS1vWWZCeGh3MWY3dWJoQXYxUkk1OUVOQTRtLTZ4TFRRZ19QLVVha3oxODlJN2FHMnkxYW5qMmgwa1A4MnU?oc=5,0.024822793900966644,2026-02-21
2026-02-21 16:37:00,AAPL,$AAPL stock rose 3% this week. Here's what we see in our data. - Quiver Quantitative,https://news.google.com/rss/articles/CBMiogFBVV95cUxNdEZaUDZOekhWNC1ranBVTm9qNmJIQnBaMTVSVERoUjZwaWJrcWJVcXU2dWh4Q0ZnS242QjA4aUFSYVlFaDBFQmhMdGhzZjhCZGs4aEI4dmlYdTYzOXBoak1lTllHem9TMnBNQ28tWU9ZaU9Zcy1tYWNrU3dWX2w4OFBaV2J3VXpHZWZTWDZReGJYaDBnZmFSUHhwdGVrZ2JCVlE?oc=5,0.12976226769387722,2026-02-21
2026-02-21 15:05:44,AAPL,Is Apple a potential Mag 7 haven if the AI capex boom becomes a bust? (AAPL:NASDAQ) - Seeking Alpha,https://news.google.com/rss/articles/CBMiqgFBVV95cUxQMEJPZXlzNWl1OXdiM0RIRjFMZzl4RDhFVnlhYm1jX1g4U3lkb3FSVnlVMy0xbG9OcXlyWWpfUGxCd1BHM1EwTm9wUmRpc1hFeVFIU2VEQUdXUkxfWEl2Z3RudlFaX1YzYkh0U3dvbFdFN3YwYzZKc3VVN25aSDlVRVVVUEtwMHlDNUx2ZzgzRTJuTFA4NHc4UE5CZWp5c3QteXBpU25lOGZ6QQ?oc=5,0.07089794427156448,2026-02-21
2026-02-21 14:07:52,AAPL,Apple: Why I'm Finally Turning Bullish (Rating Upgrade) (NASDAQ:AAPL) - Seeking Alpha,https://news.google.com/rss/articles/CBMilwFBVV95cUxNMVlUSVNrdy02SnlsNnlMS21OYlRweVNCZDRnYUJ3bm1EZ0VaalJScFlSUm10anMweEZFRFlzRURUNXdMTDhWbGlJN2VsbFpOaHhuSVpYR08wQ3FJUUJWdUlOUVRCTnBrOHZqOVRKNGxZdmk4RzVXWVVPb0xkWk5GZkpWTzdnMVF0X3J6akhhdGxFVVBYeEtV?oc=5,0.24841892160475254,2026-02-21
2026-02-20 23:21:54,AAPL,"Apple stock price today: AAPL rises after tariff ruling as lawsuit, Apple TV sports deal come into focus - TechStock²",https://news.google.com/rss/articles/CBMiwAFBVV95cUxPSDd6U0N6am8xLVhrVmJPUHdFbjB4UnIxSzBqZERjdUJWaExmWWtES2l4eHhkTVVlTHVhdmNwUkdkVE9OeTNFMHBnQTJTYkx0TmVZVzRKNXlGS2o5d0hzMGd5ZFJnUjFaekJFOEpMd3NlblVlQnlRMEtXcENsUmlRdFZfQVZGYW5mZ1huUEpacHBkdkZ4WS1VQzAwOWJpVjJERlo0WXdxUnNiRFlfeGJJVU5aSzlfVFZXR1AtbVk3TlI?oc=5,0.7287897318601608,2026-02-20
2026-02-20 15:48:52,TSLA,"As Tesla Launches FSD Subscriptions, Should You Buy, Sell, or Hold TSLA Stock? - Barchart.com",https://news.google.com/rss/articles/CBMiuAFBVV95cUxPa0VkS3J2WE9GNmNBVlUwcGNEQjd2aFEtd1Y0S0FrNzh0aFhuSkNpYmt6bWlORklVdXVuX2lQQnRXb3gybUxPMXh3WmpuNG9MMVNMYWZFX2Jta2xGYmpOYXN2X05yMkxlNm5Hd1FWZmdXM1pUNGdQS3RJeWlGc1JtSjZlYU5CNGJvVW5SWXNacDhCdW1xUEk1ZlljOU9wSnloVGdEQXB1dy12OHJRenA3V19UaFBLZkNB?oc=5,0.010668298229575157,2026-02-20
2026-02-20 14:46:13,AAPL,Apple: Margin Pressure And Lack Of Innovation (Rating Downgrade) - Seeking Alpha,https://news.google.com/rss/articles/CBMipAFBVV95cUxON05vdWFZeGsxUlQ0N0tmR1BZQVlQaWVidUVXWVc2X3BGNWF5U0tmc0tDZHRCcnl6MDBGMldUMXRYZG5qYnVTTEtJR29WWFR6cEVhbGF2cnpmM0Mta2YtM3cwY2Q3aWN0ejVGWFZfYnZvRUg4NDlnNG1BMUlYZG5BMzhLbnJkS3M5WUtIaWZMQ05GWEdlcEU1dEVCN3M1LWNkQjFKTg?oc=5,-0.9113424075767398,2026-02-20
2026-02-19 21:14:59,AAPL,"As Apple Tests AI Devices, Should You Buy AAPL Stock Here? - Barchart.com",https://news.google.com/rss/articles/CBMioAFBVV95cUxNTExmRkhvNjNYa1E2Y3MyRl9hZUtfRVhkNFNBcnJaa2ZfSy0tN2htcGFFeVU3b1RsLWRGNFM5VmtUMXFMWGZVRDRaeGItT2FQWFItVGxjNkhaMGxwNXdlSGNSdXAwNTVrTjZwM05vcU0xNjhDV1RQaFpVMVdjWUVXWHZjUGFHOGZuQ1l0MVJpQlRmRkw1eF9aTGhaUFFUcmNa?oc=5,0.02381136640906334,2026-02-19
2026-02-18 16:32:47,TSLA,Tesla Falters in China Again: How to Play TSLA Stock as Xiaomi Outsells - Yahoo Finance,https://news.google.com/rss/articles/CBMiggFBVV95cUxOaTNDZklmX2d2Q3AxOWZsR0dablB4Rzk1MWxINHVZNTkzQWptQV9xT2RiODhEdWpWVVRfUkdXNGdMb05qZkRZdDZsS1ZCY3U4a29kcUNkWFcwVmtqZlQzZ0ZxdndsQVRYQ2xrM3o2OWFNaWpXblNNZmRyVTFzdlR2UTVn?oc=5,0.09078433364629745,2026-02-18
2026-02-17 21:21:11,TSLA,"As Tesla Gains U.S. Market Share, Should You Buy TSLA Stock? - Barchart.com",https://news.google.com/rss/articles/CBMiogFBVV95cUxONk5tRlJ0R2ZUM3lnekYyUnJ3MU5iRE1iQnZOZm55RWlsNWdHRjMwMFJwSWZlUEIydmxBNVp3YnZ4eHJfd2xsMXIwZDAtRjJrSVpEX1hOc2tKbFV3cFRrRFdjaWYwNnhxTWRVNms2OHZUUmhtVjdlUE5BQlNfRS12dzNaZFRyb2Z4ajhrMEJGMEdHaVVneWpnNTFOY0tZWG5aYWc?oc=5,0.04281240049749613,2026-02-17
2026-02-12 08:00:00,AAPL,Why Apple Stock Fell Today - The Motley Fool,https://news.google.com/rss/articles/CBMifEFVX3lxTFBWUWhuTjNSeTFJb1Q5RDQtS3AtcWEzZ0NneUFVZ3JHa0d0QjUxSGJTVkM0SE9PNFQ1S0VqcmQ0YmdYRTZjOFZZWnZ0YlA1dEN1Y01YQTJKZ0dGaE5UNDlveXp1akRlQWJDUXJGd2pTbXB6SE84WFh5NS1ZdWU?oc=5,-0.5968658588826656,2026-02-12
2026-02-11 08:00:00,AAPL,Apple Just Paid Investors And This Is AAPL’s Dividend Grade - Yahoo Finance,https://news.google.com/rss/articles/CBMiggFBVV95cUxPRnItclRodkpwS2wwbXhRZzhLOWhIQlktYUJYNmVnanU0SHpEOFVON1F6UVJDS1UwOUY2WEdHVHRBaVRLMFc2OVh2RDBXUkRMdlRlUDhTUXh1cjlrUWwwTmY3VmdtX3dXeVVUS1M5bzI5YXZUcmdYQTZibjlBaGgwYkhn?oc=5,0.031246952712535858,2026-02-11
2026-02-10 08:00:00,AAPL,Apple Stock (AAPL) Gets a Price Target Boost on ‘Strong iPhone Cycle’ - TipRanks,https://news.google.com/rss/articles/CBMimwFBVV95cUxOMFN1NlQtbWgyaFY2NEl0MWpXMnNQTEliTWJTMkZXak1NNF9nWkQ0SXBwZlg4ZFlBVTNVak1HNmhPeGcxa1d5T3dab01WRndUVkJ5OHRKdGoxSUtOZWhTRXFlWE55cU9qRGE1Vi1UTHBaWkhfMzRHX2tIQktSV1VjalVsWWF5aWlRcGE0RkM3UTFRZ0x3MHhwZWM2TQ?oc=5,0.9315532464534044,2026-02-10
2026-02-04 08:00:00,TSLA,What Wall Street Thinks Tesla Will Be Worth by End of 2026. 1 Reason It Might Be Right - The Motley Fool,https://news.google.com/rss/articles/CBMimAFBVV95cUxPTl8ycVNzYmpBU1RkNzZYRkxVTEFyLU13YkNtUWNoNW1pOVBvdW85YmNTQlVLRlhud25HQVlpUmY3Z2dHaWFtV1g5aE9jcGlienlMVTJGSlBza2x5TmRWaFQzbkg4akVfRXF1V1lOWGJxdkNwOVBfT0lwMlNhZ2JEWXJERDdTb3RFYTFhR1o3WUc1NXdaVUFveQ?oc=5,0.061809755861759186,2026-02-04
2026-02-04 08:00:00,AAPL,Apple Stock Investors Just Got Fantastic News From Tim Cook - The Motley Fool,https://news.google.com/rss/articles/CBMimAFBVV95cUxPUnpZSHhWc0N2N1JOR1NDRXI3dUVlOFVFTnl2UE1aMVdqRUg0V2d0SzBMcEZ5cFlFSm5EWHY4NHppZlI1ZldNUXJKSW54VVVfZlZlczBCT0pKaHY2Wl9rTFdvRlNqZzhnalBDN0JQUDFkdXViZjFRX1d2S2k3YU9QaWYwQVZ0RmsxMlJLdVlXZHJOanN3UHktbA?oc=5,0.20392095297574997,2026-02-04
2026-02-03 08:00:00,AAPL,AAPL Just Crossed Over a Historically Bullish Trendline - Yahoo Finance,https://news.google.com/rss/articles/CBMiiAFBVV95cUxQOFNZT0sxWXF1aDVsWEdwdWN3M1RtYVhZMlc5MEo1bklIQzBWcG9Kd05SRm1DcVRKejA1TS1qLWVYU2J4M18waXFVZnhMVHVwcW9DazVReEstSmhiR0JLZWhUNUJiTEFwRWtaczNBVEoyaEZyaE1oUDJ4SnBSdWlCLVBtNkUwRmR0?oc=5,0.8073984161019325,2026-02-03
2026-01-29 08:00:00,AAPL,"Big Tech Earnings Live: Apple Beats Wall Street Estimates; Meta Stock Surges, Microsoft Plunges After Results - Investopedia",https://news.google.com/rss/articles/CBMinAFBVV95cUxNd0owNkI1OHdkLTFyRjRJVmtRUE1mV09TaC1OMlgzdUw0OUltQVluMmpLSFhXV094WGs2WFhzNjZPRkd4MmdpQXpCVnhOVFBVTUNIYUpPLWN4elpnU09VM2xvNFNhUFRmOVNfdC1MakllMm1BdlNDTi1hUkc2VHl0NkdmN21aWWpHcm05cFN6anBoOWtaSk5ocThqejg?oc=5,-0.22885440289974213,2026-01-29
2026-01-28 08:00:00,TSLA,"Tesla tops estimates for quarter, but wraps up first annual revenue drop on record - CNBC",https://news.google.com/rss/articles/CBMickFVX3lxTFBIcmNFZHZuaU5TbzVFaTJFSXBadWI1WUhtWXo2ck9jdnVFVmFQaFRnNHJlMVo2SUQ4MGcyMGg0V1Z2RDhLUnlqY3ppQ2N6SDF4RGhGOVhHaWtxSVFpNlI3dW8xTTBTZHBoV0xqaU9GRTBtZ9IBd0FVX3lxTE5feGdQZmdrcFdZWFRHZE9wY3dwd0p2dzNreGViMWtzTW5BMmRYM2lLWFFIX1BjaFRtdmdxZjhXX0NhaXhudlRTS0pfYkdWa0FEOEt5dXljbXVmM013a21scDgxc2VNN01FeTVPQTZWTUVjSDlhVUJZ?oc=5,-0.9572463072836399,2026-01-28
2026-01-27 04:47:49,AAPL,Apple Is About to Report Q1 Earnings. Options Traders Are Expecting a 4.15% Move in AAPL Stock - TipRanks,https://news.google.com/rss/articles/CBMivwFBVV95cUxNTGV1aUNpbkZfUFBWVG5UaVZhTndqYVI1eUdkU0FtOWk5R0dtNXpCWWFKOGZ4WHppMzBscE11NlJpTHdjWDl5NXpCOTR0dkVyZWpkcUN0enhYVkdwaHpEeGZGSWt1a2dDdk5UcWM4WTZjeUhPTVB4eDAyTGJnblJpRkdmNUc5Wmg1YjNDQ09wOFY2SmxPa05wc0pwY2pNRmlkbjNYa0h6amx5SF8yUndWbVpmdVlPeUxHOVE3RlBfUQ?oc=5,0.7088538929820061,2026-01-27
2026-01-27 02:26:07,AAPL,AAPL Stock Today: January 27 Minneapolis Fallout Hits Tech Optics - Meyka,https://news.google.com/rss/articles/CBMimAFBVV95cUxQTzJwdlRrT3lZRTY4bE5MUXRJczhOSUV2YXBEVjYySHRrcmFveXMwUUhIZGhidjl5R3dkMjJXaG5leUlLUnA4Z0l2MDVvcElpS2pUOURkb2p5T0J2ZWVTUTBhRm9jaHIzYkhsdTBaVDdfZmdMUVZVNnpIcTlEcjFrWEJjd01uZVVSNGFMdWlwVXNOSEJzcHRLaw?oc=5,-0.9058402879163623,2026-01-27
2026-01-27 01:00:58,TSLA,Tesla: Robotaxi Storm Clouds To Rain On Parade (NASDAQ:TSLA) - Seeking Alpha,https://news.google.com/rss/articles/CBMilwFBVV95cUxOZVB6c0ZJWWpiaGZpZHZzYnpQUHhFWXlvZjdnS3pFeHJtbkhqZU5pUjIyLWVuVmktMGhxS3dJQjZ6aENQcFR2cFFfUlFhVlNEZnBBYl9hT1pPVGlhdVVZSVBobUU2N1l4RTktM3VKeGQ2SkVENnN6RzlmQjU0ZXB2eGhHUTFfUS1xX04wX3NiVzVzdHVVclRz?oc=5,0.07183014787733555,2026-01-27
2026-01-26 22:30:21,TSLA,Here's How Much Traders Expect Tesla Stock to Move After Earnings This Week - Investopedia,https://news.google.com/rss/articles/CBMiuwFBVV95cUxNMW16UG8teXc0ZTJBTHZCQkFWQ0pXVGhsaklUbzAxa3h6S3haZHJXTzhpaWJ2ZFdKOWF6M3owWkliV1JXSWpOYzBwZE1hYnpObFlSV01jQ3FpU2NIYldPYUNUMXl1RFh1VDNQc1VtTFpKTGhFV2tpbDZJcjMzSC05clVsaElvc21EbklWcWcxeExVbUtqMW5RZnJEb2YtekxQUjhUd2pOUFVtQU1sOW9oUGJfQ1V0cDdzX2FV?oc=5,0.026381216943264008,2026-01-26
2026-01-26 22:29:00,TSLA,Tesla (TSLA) stock drops 3% after hours — here’s what Wall Street is watching before earnings - TechStock²,https://news.google.com/rss/articles/CBMirAFBVV95cUxOSzdlbTNXNnVXNzhva2V4d1pDa0JwWUxabXRLZ0NUbVVVd0JPaDVuZWRxT2d0Zkh4akx3TmVoakZUYUYwSzY5amJxUk5OUWtYNUxKcWU4Y0pHNm1tQ1J5OEZfb0RnQmYzTndiV05Menp5ZS1yRnJCLWFJcDdTTmZ4dXpkem5hcUs3ekFUaVRUWGRIS0NMV3V3ZTlyczVnVjdVM3cyYzdPSzB5TndQ?oc=5,-0.834055807441473,2026-01-26
2026-01-26 21:23:00,TSLA,Tesla and 3 More Mag 7 Stocks Report Earnings This Week. What the Options Market Predicts. - Barron's,https://news.google.com/rss/articles/CBMijwNBVV95cUxQSVdvQUh5TW5hOVlNNlJoWlBfTTJZOGYzMGp1OW8wTzNvR3lWZ1UzMHg3YVZlaVVXdEt5dXp5SHN6dGU5ZjB3ZUpFcTNfOEtTdk4wZDRjd2Vrb0hUeVRjaldGb3RUV1VPYXpGQjRTRU84OHBYOFZPX3ZxNDlUNllla1hDclQzQ0F1NlM3cmdPdnBNclJaSV82TDRjblZkU1ZUdUx6ZnFaVmdpb3BOazJCbFdKZlhySVJxWXRwRmtoVGhyUFdCOWl4NEowYlpCRlNBRnhDdTZOVk9sUEhIWEpTUE9uQVJtNllPUWthanVfUTBRbHBXU0VrV1VkenpXTEtLNWlNa2NQRnRpSlo4cWlsdGszYWxfeTJ6ZzBoWkozT2NtY3NIMXN1Z3M2X1MtMXJnUjExc2dMVDd5c2xMM3JaWHVwbGNSdVZldjNFY1B2YTZEbld2ejdVLTExcjhjSGZCOUY5cGtIbnJzRTl6elVqRzdhNXBsU0QxWHk1bHdXZDdaUFJFd0YtNENVb2pMUlE?oc=5,-0.004820086061954498,2026-01-26
2026-01-26 21:06:00,TSLA,Musk Said There Are Safety Monitor-Free Robotaxis Available. Why The Attention Is All On The Q4 Earnings Call. - Investor's Business Daily,https://news.google.com/rss/articles/CBMiqgFBVV95cUxNbVM2U2I1QzRRN0tPdWxOOHM0X1Axa0VrZDFlWHZTdnlhQTJNdGctQ3FLcERZM0UyQ2N3OE4yTWp3UDF4OC1UTm1taHRRMENSZ2tXaGxSYWhFNEswM1RoeXM1ajZRekhIVzhnaTY1Mng5RFduM2NpbUYwRkhmaHpOWDJTR0swdUJTdUtqRExKbkFON2xSenFadXpxQUw3ZlVSM3dYRnZhTi1xdw?oc=5,0.03316241502761841,2026-01-26
2026-01-26 20:55:43,AAPL,"Apple (AAPL) Stock Trades Up, Here Is Why - Yahoo Finance",https://news.google.com/rss/articles/CBMifkFVX3lxTE1DaEJza0YyM3Z3Vm51ZDdldEZTUzBNbktKVUlEZF9nVklwN2Vma2toQmdZVHRiS0tSSkR0YnIzRV9PZFR5ME9KcjR3UTRyN2lFYlhmYjdxN0JJQmE2d2lwY1hGeFgxUXNDbnRvclBuOVpFS3BIRXNFTUhjNEpWQQ?oc=5,0.053529560565948486,2026-01-26
2026-01-26 20:08:20,AAPL,AAPL Stock Today: January 27 WhatsApp Paid Tier Puts iOS Fees in Focus - Meyka,https://news.google.com/rss/articles/CBMinwFBVV95cUxQbjRoSWtwTHhNMTdBWVZsb3lfSGJCQ1dvRFp3SkNsMExKUkZpc1pzd0dTcHBsYkZfZS1YUGFxQjZuVlVKTU04SWtFcW83M1RTaXNJZ0c3blB4NDVYX2JqTWpGRzN4M1ZqTE5LUmJJRnkxanFfQTV2TVE3RVpXMHRfNWY3XzVWUWdqeTVzaTJXRms1c2JOTUtwMm1GMXdOek0?oc=5,0.031277863308787346,2026-01-26
2026-01-26 19:39:00,AAPL,Why Shares of Apple Are Rising Today - The Motley Fool,https://news.google.com/rss/articles/CBMihgFBVV95cUxPODIwMENYMUJWSFlJVVlZVmx5dG43MDU4SW1qTHFQb1NpNkVRV0ZGSDg1NHRfSlJNakFSM2NRZHFKWVhnVC0yTmFiRkRxcnQ4R1psX1d2QnpsSTdFSFVGRkRxRkUycWlpVzZkcUV3Nm8xVVY2eUZYM1lvM0p3TWZFUjRjVmdsUQ?oc=5,0.22283370979130268,2026-01-26
2026-01-26 19:04:48,AAPL,Apple Stock Bounces: What's Driving The Buying Interest? - Apple (NASDAQ:AAPL) - Benzinga,https://news.google.com/rss/articles/CBMitAFBVV95cUxPdXB1U2V2bXlFeHFUcXpvTzFDd1lLRG9JOFpHVzdyNU8taGJTdmV3QTM2TVRPbUtIWHE3RThnQkhkM3lDeVFaR3NVYkF2NE40VXhOaGhpdkJ2QklZRDhjSTU1V2JfTmlsM1dST0NJNWFsaHlidDZhNS1IRWZ3VkxSN1NsQ2hCOEJlbDR0ckhFLU9RN2x0NDdiSURiVTNBeExEOUN3bkxkalVRVlJ2SnBZQUl6eFE?oc=5,0.024298032745718956,2026-01-26
2026-01-26 19:03:58,AAPL,AAPL Apple Inc. (NASDAQ) +2.67% Jan 26 2026: Earnings could set direction - Meyka,https://news.google.com/rss/articles/CBMimwFBVV95cUxNaDdFRFoycnctNS0tcFpkdzZSNzJuTTlmb3oxMFV2TWhFaTh3Z2JhcTlSX0lPM2YwOVIxUlVmLVUxVEVjSnpCQ181ck5GV0ZvUjhuNm1qWUd2bGhoeEYtZkVPUmo3VkVmZEItRjVJWlNqZXhuNndfejZGSy12QVdKMUFjZEJwZ2tIMklGRjFieHQ4VWtvYXZFZzVodw?oc=5,0.8013509586453438,2026-01-26
2026-01-26 18:01:42,TSLA,“Biggest Bubble…in Stock Market History”: Tesla Stock (NASDAQ:TSLA) Drops With Another Director Lost - TipRanks,https://news.google.com/rss/articles/CBMiwgFBVV95cUxQRF8ycGZfYmx2ODRkNzhCNVNvaFBGRGdoZmpLY2lHTTcyMFRvLWQ5b29FdTljYmNqN3IwdXlBT0xWYU5wSFJYNFdJb3BuSWl1RnhyaVM3cE0zUlQzWjFhb3g5R21yUzFaeVUyUnRLV0VSZ2RLbmJqNWpjUWpvYTBCdUtOTlltZEl4c3pGYmtZR3dwRktxRDZFSTFKZlFuY3ZEeHlXSGN3bnhwbVNkaUp5anlvdUhiZ1ZaWnVLN2dCT1ZkUQ?oc=5,-0.9392893370240927,2026-01-26
2026-01-26 16:55:59,AAPL,"Apple Stock’s a Buy on the Dip, Says Goldman—Time to Act? - 24/7 Wall St.",https://news.google.com/rss/articles/CBMinwFBVV95cUxPS3BXR1hDOE5XNTYzTkQtV0dJVHpwZElkNHVXLXdNdmljSVBMOFJTdjE4T1NscFMzdGRmNWJicWZsTnkzR3pzR2dxd1hmUkdFVVNqdVlyNy1mbVFkTFU0eHI2NnNrVUQwMlh3b0xDR3Nod21TdTlVYlRBRnV2eXVTZ1ZwWWNjWFRISExPbVN5MTNtZWVJOFUzMGRzeEVtbmc?oc=5,0.1323203258216381,2026-01-26
2026-01-26 16:52:03,TSLA,(TSLA) Trading Report (TSLA:CA) - Stock Traders Daily,https://news.google.com/rss/articles/CBMigwFBVV95cUxQX2dheHNDMEJZcm5YREh3NGdFQVpTWVRBLXlPUmtHMnhkbHVIcHR6MS0tZ19DVDBpLU9RejVCWlVGNDNNbXRkQUJZaFpTWW5hbG9tZmtzVnBDeGJaaEw5WDUyLU9Qa3p3emt0SHRJellIYzE1SzJraUZMaWExS2FKSWIwaw?oc=5,-0.008447421714663506,2026-01-26
2026-01-26 16:12:44,TSLA,Why is Tesla stock dropping ahead of Q4 earnings: should you buy the dip? - TradingView,https://news.google.com/rss/articles/CBMixwFBVV95cUxNZExHbTNKNXlwaUcwcE4zdkRuRnhpTGtTRTRxTU5iMDdoTExVLWYzNGNELURRZDA1MHNTU21CZkpKQnA3NGtLTGVOVXlFQXpBUmoybHFTbHJmZV9KallTR0xlWHBOR0tqZHp1TXdOVHFmd0diLUwtSTkza0JQUm1oWXhpd1hSU183M3EwSUtyUG95WXc5VDBVejhlTU9kOThURWpQSExFX0Q0TjliMDVoc3YxZmZ2ZUxlU1lLTHFaa211azRUQlAw?oc=5,-0.5043689105659723,2026-01-26
2026-01-26 14:00:47,AAPL,"Apple: Q1 Results Could Trigger A Price Reversal, But Buy Regardless (NASDAQ:AAPL) - Seeking Alpha",https://news.google.com/rss/articles/CBMisgFBVV95cUxPOWVaNk4tdWZwWUhhWmtybkhaNVhFc3VYbTI5S3FFbklYR3FlalpPRk9aNVRTMHZJdEF5OVR1M1l1cTVES3VPajNuZU5Tc0dYT1pqN3EwazFzWU9kQnc0c0xpRUhBbkpsazZOUnNVN2lRRm92bEVmMmxYamZaQVRaSlVRZlJfMElyMlJjR0dYTzktUHZrNERMdmc0U3M3ZFh5MWg3Uzk0Ti1RQW8zNzR1Zl93?oc=5,-0.02587282657623291,2026-01-26
2026-01-26 13:01:14,TSLA,"Retail Investors Dump Apple Stock While Nvidia, Tesla See Massive Inflows - Yahoo Finance UK",https://news.google.com/rss/articles/CBMiigFBVV95cUxQWlJCRG5nUDFUQ19oWmktc3JXaXZJVDV1TS1YT1Vjem14ZmZ4dG9hRTA0VlJpT0xhTVFSaGFpRnd5N0luQUlBNjhOV18zZXc1RV9qZDVURTFiQ19KNmhLZC04NWRiZ2xUV3ZRbThuN0F5SER1dWo1a0FtLXVWd3BIdU9JaXNEclZZR3c?oc=5,-0.9188209418207407,2026-01-26
2026-01-26 12:08:21,AAPL,Jim Cramer reveals why Apple (AAPL) stock is struggling - MSN,https://news.google.com/rss/articles/CBMizgFBVV95cUxNeGxxX1RSWjM2R19sdkxJQThCcnRLb2FXSDFIMnJPSWlvZ1pyMU9lblpqeDVqalZPSXdLbkVSTVZ1YWY5QXpFQUxFb2hMUWhIczlyUjdBRXEydkFNZ2tKSjhUQzIzbmYta0pkWWdnMkZud2RRdjRTNENMYkxkOWFTdGs4S0FCN3M2YUYyNU5RUThMZldGZFVQTk9OSGM2MmxtN1hZQ3RIQnF3cy1lQ3FYREJKY0FjQjJjSXRzd1VxaUFKVWpJVGlCV3ZPY2dldw?oc=5,-0.32130830734968185,2026-01-26
2026-01-26 11:55:45,TSLA,"Owen LaRue LLC Trims Stock Position in Tesla, Inc. $TSLA - MarketBeat",https://news.google.com/rss/articles/CBMitAFBVV95cUxQWUpxV2IwUnVkd3F4ckhFSmhlSktlSTBsSXlqeDY2SVg5bUNNSWtiVEVtZEwzUDhRNUt6TzlvQkROYW1TeU5BdUlCTHBlczRZR29TT0dCdkJkZ0otU2sxT3Rjd1c4NS1mbWFQNDhwSTVJbEp5ZkZNaS1qZWY4clVFNWRQX2dMalU2OExJUzNSRG9XOGlBZURBTXpjeEF3Qkx3Y3pNYXpqTHpTY0M4dllLSTd4NGE?oc=5,-0.9058439880609512,2026-01-26
2026-01-26 11:55:43,TSLA,"Sagespring Wealth Partners LLC Raises Stock Position in Tesla, Inc. $TSLA - MarketBeat",https://news.google.com/rss/articles/CBMiywFBVV95cUxQQVZxMXNWS2VsUHJHYU1JRzhCVXpuNlBOZm9IMFpqaktKdUg2Tk1iZmtwQ29EZ1dxYmd4enVUak1VMDQyTEplNmNiSTNBWFZobFZSRUl3Wks1WkpSMVg1dy1Edi1oOWt4VndnUVk5eGpxYmIwUmJXY2taR2kwa1k4dDFFcGxZVjgwV2hoT0hDQVJVdDR5QlJhajBsODFPV3Q5Zm42YUw2WE5NY1VrVXNFWFM5OXBIMUVHdVUzNjBWZkZ2YlJ6UktSdzZJTQ?oc=5,0.7336024940013885,2026-01-26
2026-01-26 10:42:18,AAPL,Apple (AAPL) Stock: Analysts Split on Outlook as Earnings Approach Thursday - CoinCentral,https://news.google.com/rss/articles/CBMingFBVV95cUxQdjdNRTk3QzZyQ2tLZWI4VXBBYnk0UzcycHR4UlhXMlFsblp6UTF2dlBmQi1XeTZmRnRKZkxYeU9rYWp6STB5SWk4cnpXdmQ1aE4xLW5NTzB4TUJiQVdsZkE5Zl9vSEZtNXE5YzlaOW9jYkZGWnc4SjlENVUyTTV3T3NpYUlPbHJqMUVRQlRVLXVOMFdLN1RPTWg0T01Qdw?oc=5,-0.7712224200367928,2026-01-26
2026-01-26 10:15:53,AAPL,OneAscent Financial Services LLC Reduces Stock Holdings in Apple Inc. $AAPL - MarketBeat,https://news.google.com/rss/articles/CBMizwFBVV95cUxOdUZvQUR6Z3B1TFZDRGJTaG5HTFUzc0hDQV9ZZXpuWEpRNlc3VXVyVS04N0Ffc1JHZXduTzB1YVEydHJrTkttM0NNSG0telVKNzd6NnctVUhOLVpUb0JyQmdvNXRMTjI0NkJObnM2MXNIWGQtQkFxcmZLN2FfX2FMZzFvQnZyTDRRdXhmN2VLaU03aGw1Y0RMWFVyYy1zNlpqRThWS1BTRUEyZ3dEcHBsUWVUaDcwc215ZmE2aEJMTURkNW1hZThkd2lhOGYyMjA?oc=5,-0.7766394764184952,2026-01-26
2026-01-26 10:15:53,AAPL,Rheos Capital Works Inc. Has $40.87 Million Stock Holdings in Apple Inc. $AAPL - MarketBeat,https://news.google.com/rss/articles/CBMizwFBVV95cUxQXzFZVnotRGhxV19MWDJvNHpOZ1FyZi0wbnJRdFlnZkFNZ1JwYW45bjdyNjM1Rk1rYTVyR3BxSUZUcWNLdDYydUFnbUUwbnRpZTdIcTlBR2FKTWNRLWlCbDFWQXFLcmYtQ1hzZTJJbHRxZlh2SGQweWZHc2FhUjV4a011c3JFc09pUG1JVlFuTFJ4NVc0aHNLVGNNT2M0a1dsZ1IyQXJDaTJncFpjTlVxTUtac013Q2xzUE40UEZ6MHlNRGt2WGFScUJ6Yzk4SXM?oc=5,0.02969944942742586,2026-01-26
2026-01-26 10:02:51,TSLA,Tesla (TSLA) Stock; Slides as Autopilot Features Go Subscription-Only - CoinCentral,https://news.google.com/rss/articles/CBMilgFBVV95cUxOeE5EaEV5MWNmblVSaVBaU1I2bzQxZEplaWx5WkEzV0JKT0ZJZ09lYkd4VDN6QnZ4aTlqbHdqTWFFUWFWWlQ3MW5tNGRfOWE1MlBScS1GZG9WU0ZLM2NqVUFzWEVDdlU4VlhTajNNajlLb3NwbXdWWjVzcnVqYzAxUDJIX0dKN084OURkcm1fU2NmdmN4UUE?oc=5,0.10374069213867188,2026-01-26
2026-01-26 09:30:44,TSLA,Tesla (TSLA) Stock: What to Expect Ahead of January 28 Earnings - CoinCentral,https://news.google.com/rss/articles/CBMijgFBVV95cUxQWDhZLUZ3S2ttU3M4TEJZekRheEtVakpUS0ttaE14MGk5ZDdwVXlOY3JrQkxwVlhjYVdUOFpEN0tXX3lZV09WVXBITmoxcGhEQXdKcWtuMU5ZTmlpSk4xT18xVjJKNlNxcHdIeklva014R1RlNnRhblc5M2RnMnhueVBTbm5EWUNvWTRzenR3?oc=5,-0.002067556604743004,2026-01-26
2026-01-26 09:02:45,AAPL,Geneos Wealth Management Inc. Trims Stock Position in Apple Inc. $AAPL - MarketBeat,https://news.google.com/rss/articles/CBMixwFBVV95cUxOc3NKTE5nVG1XVEtTTkxqcmxNUk5hS2tjRUhZN0I5T2tFcGYyZ0RmdGZvWnpmX0Zfc1FYYnJqbTlwdko4em9weE9EYmJpMWdXUUI3LWFvN2FNRlI3NE9CZWFQTFk4dWlDU0hsVk80ZURuUEFuMXRVb0VrLVZkZ01ZM0RadmJWWktPelZjTFBaT3JOTW12bjQ3dEY2QVZiN2VUOVNMR2xidEFjQ1pjaDBLOEJmX1I4cFFab1c5MnV0am4xT2xzNExR?oc=5,-0.8973586224019527,2026-01-26
2026-01-26 09:02:40,AAPL,CoreCap Advisors LLC Has $41.33 Million Stock Holdings in Apple Inc. $AAPL - MarketBeat,https://news.google.com/rss/articles/CBMiywFBVV95cUxPX01BUHBRMGo4LXpCS1pPUi1lOWJhVVVOLWJRZDIxaVJWd21QRkFOZUlfTW5SeG5xMGxWWGhyTFU1VnY0Qno4TVZXbXp2V0ExU3ByRUdhMjN5U3hLamd0OU1laEN6NFZmSnM5NlNoQ2tUR3Z0aHpoTjJabmxiQUdfTzFaS0JmTzl6N1hTS0VnSmJVbjRHZ2JlaEsxWERXcEZSLVJ5YlhndW5TZ1dlS0hwM3loWmhRbEducUl3RXp0VEwwUnpCRnVzb3k2dw?oc=5,0.022789987735450268,2026-01-26
2026-01-26 08:40:28,AAPL,BCS Wealth Management Has $4.64 Million Stock Holdings in Apple Inc. $AAPL - MarketBeat,https://news.google.com/rss/articles/CBMiywFBVV95cUxPanZLNkZCZXFtckZlQVZPd2FiOHFFdFU0SkVYakR5OUNBSnRLdk51UVVoVjU1WFkyaWxvc0JXazJrZ3V0b0puOGNzRlNqdEdaS0FabXN6UUdCMkwtTnFxV2VndXNfUmFCXzZBUFlRMW5BMXRpXzQtcDFVamdOVzFRYUd5U09YblBMdlBoSVNOZWJIN1RnMFJfa0ctNDhsQTRhS0RCZFVBWTFEX3F5eWMwTEVyZ2swa25mbWhSbW1RdUlSQTJpenAzTW9pZw?oc=5,0.022638099268078804,2026-01-26
2026-01-26 08:36:41,TSLA,"TSLA Tesla, Inc. NASDAQ $449.36 pre-market 26 Jan 2026: Earnings will set direction - Meyka",https://news.google.com/rss/articles/CBMiqwFBVV95cUxOMjhUblFzY05ybzAtd21XUkpXclVqZFdxaTVlenFSajJ6RlVlbXhvRklZYU4zV0VOZXZjSlRoZFpndTZqQjBxNFFQVUlpRV9ZUVRBSm03QW1FZnVycjlZQ081N094MWNudHhlTE9IMVhuRVNWN1hRb0Y4TUFHaXZoVlZlWjdGREYzX0ZuVTNuMGQyM2ZMb19JcS1YT3gwY2IwMndFc3JDNEN1SDA?oc=5,0.22950653731822968,2026-01-26
2026-01-26 05:41:59,TSLA,Tesla Q4 Earnings Ahead: 3 Factors that Could Move TSLA Stock - TipRanks,https://news.google.com/rss/articles/CBMilAFBVV95cUxNZFJNOW5icWNkWF9Scl9CUU4yZ2tYN24yYVhQRVIwOElYMWdmejBrbmpLalgwX2NteWpBTl9yWk1aemM5LTlidzVVWUhrc1BveDhsT29xWHJuejFON3otZng3MUNJV1NLTkhxTTFxR1liLTJRbnVpQ2E1NE1iMVkyaTRjUG5sNFV5YmlRWE9KTXFwUkE1?oc=5,-0.3587673306465149,2026-01-26
2026-01-26 03:56:03,AAPL,KeyBanc Remains Cautious on Apple Stock (AAPL) Ahead of Q1 Earnings - TipRanks,https://news.google.com/rss/articles/CBMimwFBVV95cUxOWEdHeTRhdW55b0JxNE8ydXlmX3Q3eTl6YUZac0NlVVhaWGFNeFJ6U3lRLXZ2NHB2ZkJ2b1FqWEc2N3QtUzdmUExlREFMaFlud1N0bDZ1aHA1dl8zZHJ6VkRONGU3dkxhQ0t5eTB0bXVIeHNKdlR5XzdxaWZhU3FwVnA0QlpaUnQtNVJwQlFWako4Vld1MHpINENUMA?oc=5,-0.7842846661806107,2026-01-26
2026-01-25 20:41:41,TSLA,AAPL vs. MSFT vs. TSLA: Which Tech Stock Is Wall Street Favoring ahead of Q4 Earnings? - TipRanks,https://news.google.com/rss/articles/CBMivAFBVV95cUxNUnRFUGVXX0g2TlJoSXVFYUN0XzFuOC0tUTJBeGF5M2hzSFlCc05QR0hGV054TXlZZUpFNlNqQl9pMk5zZ0xtakJxV2gxRXEwZlNUMkJ6ajN1MTVzX3M4ZEZyNGplZXB5bklnOTJDdWtPWUhEQmN4eVltdXpaVEE0TXBfdGRVTUdDZWU5U3dVWFpiNFYwSFAxNHpWTFM2ZldLNUhBT1dFNDVpQmlOMnBoNkNpa0JtNkNxWVZoQw?oc=5,0.050247134640812874,2026-01-25
2026-01-25 20:15:46,TSLA,Is Tesla’s Robotaxi Push And FSD Subscriptions Altering The Investment Case For Tesla (TSLA)? - simplywall.st,https://news.google.com/rss/articles/CBMixgFBVV95cUxONGtlUy1VRjl1Qm4zb0hkQ0R1M3k0ZGl2R0FISkVPSlpBQ1N5OW1JVThNUkV3UjN2N1pHNG1LVWRzZTJLSkxIVmVWdnAzclkwRk9HWVd1eGRLd0FuTmZBUDdKSHlJMnY5MXlDN0p6RnRIeVZpSDlWSENZMjBzaHZ0VjM5NlVBU1RIODBNVmUzMnJrbU4wNXMzMmZ1b2pMLVBfQjJQbHJDNkN1aHB5VUVrY0trOUx0QjFrZ25WdmxlZENlLTYxQlHSAcsBQVVfeXFMT1JmMkUxWlJ5bUZ3d1NOckxQZVJ4TU1hOTlQZEo3Yk5TcXNWTFlSeE5jWEJpWVZBaXB4aS1MWUpuaVZfZnRPNDYyMzRkLXpLVF82dEZHUmRucE9TWTROWndPRnVnRTJJR2YyUmVfZzNOalRrMFNkT1JMazIzdmxZRWgwd0hMQUVjQXNUNF9GMlZFT29jRUEzd1l2YVdWNExzLWFIZ29TVE01a1FNZl9sUjlzYklCZjA0THV5UVY2UVIxTFdwSU5BUmF5UjA?oc=5,0.019340869039297104,2026-01-25
2026-01-25 16:21:46,TSLA,"TSLA Stock Today: Texas Arctic Freeze Tests ERCOT, Austin Ops — January 25 - Meyka",https://news.google.com/rss/articles/CBMioAFBVV95cUxQdWxXTEVSZDVpaC1OZ0s4RFBpTG91X1pNUlJZRkNTNU9NY3lBTm9HN3pLdzZCOWM5TDRsZVNnUDVXR2lNT0pTbTVCRTJyYmhBSWR4X1E0UUpjZS1hZ2hLZTF1T3FqYzlVZ2FDRzNtSWozTUI5OGdXNklaOERLOVJhdXJqa09hV01MOEhtcHJfWXFEbFFvc0J3MzZERFk0ZVFQ?oc=5,0.03552748076617718,2026-01-25
2026-01-25 15:01:24,TSLA,"‘High Risk, High Reward,’ Says Investor About Tesla Stock - TipRanks",https://news.google.com/rss/articles/CBMiiwFBVV95cUxPa0hNanVvbENuSV9McG5RUS0xbXBIWGNpdG9BVlA0VlRlTXZ0NEE5SllGSG45WGtyVlQyaXA0SFp0MFE1azRxOUhVdEVVNnlxODAtRGZKTDhYMjY1NUd2UUtCYnpldDNaX0JpbnVNRHN5MVBBU3h4Smo1bmlIS253S3lmWWZZY2EyX1dv?oc=5,0.24291911721229553,2026-01-25
2026-01-25 13:07:39,AAPL,"Apple (AAPL) Expected to Report 12% Revenue Growth in Q1 2026, a Four-Year High - Intellectia AI",https://news.google.com/rss/articles/CBMirAFBVV95cUxPbWtOSFlzYkdDZ2ltaTNKUjZCYXlHalREVmtKSzhRd2xtN3o4Y05FcGdMX1pwdlpiTDZ6ZXhobDJsU2RqLTRRZEFTTGV5UEZwUFlwdWdHNjdSamw3Y1g4cEFFTm5hVlFtYVZkUlgwc1F6eGl5RGZUUXR4OFlIWXRuWHJrTEV4UmQtTTR5NmxhUy1YY01XMm43emM4SEdHb083M19BMDNEdERVUDV5?oc=5,0.9340124065056443,2026-01-25
2026-01-25 13:07:03,TSLA,"Earnings week ahead: TSLA, META, MSFT, AAPL, T, BA, V, MA, GM, CVX, XOM, and more - Seeking Alpha",https://news.google.com/rss/articles/CBMiqwFBVV95cUxPRFFNRGNQTE5mTUJLTC1HTWpZT0U5ejRKRGVKUmw0NEZpVVlDTFNWQnM5M1pzbEsxeW45OTZLeFF3WTFTaFdoV0FNTUxHZWlvQWJXZ3ItY3ZfQVBHcVFEcEF5TGh1cDVlMktnVktrNTVKNVQxZEpQUGdpUjlaR0R0MjlSNFQ1RnR3dWp3eG5ZU0FPR0NMWHY2TUpPOTRaTWc4OFIxeF9sSEM1NE0?oc=5,0.057952409610152245,2026-01-25
2026-01-25 13:00:00,TSLA,This Is How You Value Tesla (NASDAQ:TSLA) - Seeking Alpha,https://news.google.com/rss/articles/CBMid0FVX3lxTE5wbzU0THlxVlNfTVZERDFISnJQUzFfMDlrMzZZU2o3TXZ5TTR5clFYTWNuMGxlcmd0bkdIZHo2TWxWSGZMdXBRUmVBSlNkeTRYWjZ0aUtEVE9yanRtNjVPVU1aVUh4NWEtWDRBUzNhR3JEQnVKbXlZ?oc=5,0.03992896340787411,2026-01-25
2026-01-25 12:29:45,AAPL,Apple stock price steadies near $248: what AAPL traders watch ahead of earnings and the Fed - TechStock²,https://news.google.com/rss/articles/CBMirwFBVV95cUxNT0VoRmNuOVcwQ2VYYjBXemdDejBka1JjVWV0Rk1sa1poOThZNGRBZDBGUWtSUElSUG1ZZHdfdHlfbTIzRUpPYjIwTEl5WHVVemoydkhMN0czU25UUFgxV2MyY04weWdxTERGYzZBTWpOWmZWcnBKQ09hMzVhd3d3WU1TWHZRckpnMThkMmxyLXlVYzFmZzRqWFZKNjc1N0Rqb1lQSnNteV9uTC1yZTYw?oc=5,-0.14673367887735367,2026-01-25
2026-01-25 11:34:20,TSLA,"UniSuper Management Pty Ltd Grows Stock Holdings in Tesla, Inc. $TSLA - MarketBeat",https://news.google.com/rss/articles/CBMixgFBVV95cUxPZmFMTHNPOG9GYTdwc2djaGk5YWdqWTB2MWNaUnJrNDhlNUQ2NS1WbXdjWHhZbzZaQXhhWG1YTFppZExMMGFIdGhfQTJZWklseE5wLW56OVR1eWN2SDFNbmY4aU9GdWhZT2w0QjZTVkdUQUJNX1hkdVBrWGJaendVay1Jb2ZJUnM5RXlYMGJlcjVCc1M3UERueTRaOEJmY205U3JUQ0xMd2g4QWtJaGhUeTdLZTFva1hqS3ZlS1A4a282d3VtRVE?oc=5,0.6725690998136997,2026-01-25
2026-01-25 10:01:31,AAPL,RHS Financial LLC Raises Stock Holdings in Apple Inc. $AAPL - MarketBeat,https://news.google.com/rss/articles/CBMiugFBVV95cUxNY0Y5YmdOcEhJNmpRaHZJdzdtTDc3bkVlTzZ5X2ljcGFydHhYeHY0dWI4bm5zdW9DQnZSNEppNTNmZGVtVGcybjJPZ0NCd1FqNm94MzE5anduLU1GcWJEWVNqWGJUOFF5NmQ5dC1QRjlQcW9Uc1Y0WjU5d0dVUkh1LXU0OGM5QW5DM29yOUFFeDVKOUxPbktRUDR3TWVFbGJwQVNUNWxFSU9DZEMtZndrRDFrZ19VYzlOM2c?oc=5,0.32704973220825195,2026-01-25
2026-01-25 09:11:52,AAPL,Goldman Sticks With Apple (AAPL) Buy Rating Despite Early-2026 Weakness - Yahoo Finance,https://news.google.com/rss/articles/CBMigAFBVV95cUxQZlJMSEsyWDktTVBrdlBwQ1djMzQ5MGNtd2c5djZrbnM3Z0JYcERuVDJya3lvSl8xOEpKN0FHUDVxS2ZaODNhelJqM1RXaVlfMUhFSkRSYzZRMThMSFh6WjRpSno5LTdUTWg5MmRKcV9wRWFIOFYzcG9PUXl0TS1GNg?oc=5,0.8300695661455393,2026-01-25
2026-01-25 07:05:00,TSLA,"Tesla Stock: Buy, Sell, or Hold in 2026?​ - The Motley Fool",https://news.google.com/rss/articles/CBMihgFBVV95cUxNZUtqUXNUTXZFbFhya2JoT2lWVHFuenR4TGs4R1JubmZEVEVadkxfQXBIYkExc0ZTOE50RVZpbjFNZjN4cUJ6ZUYzTm9DSG5ETVFDWnVYak10RlBybzBqc2ZOdEl3WGxvbnAyUVhlODB1SzhmbmdCblE5eWxrcGd4dGF0WVZwZw?oc=5,0.0025239381939172745,2026-01-25
2026-01-24 16:37:00,AAPL,$AAPL stock fell 3% this week. Here's what we see in our data. - Quiver Quantitative,https://news.google.com/rss/articles/CBMiowFBVV95cUxPLWF4Sms0Q09hVUtrMlNuZDBtUjNLWm10dGdSalB4dTcyS2xyUkxNY1g5TEpicGlKS0pFOUdiUHQ2b2VVVTFNZXo4dTI2Y25FV3VKUnh0NWdTRnF0dFJUTDRnWDB4aXRSNzJhc25keUd0TjVuNzdoZzFXekMzRFFiNHJVTGFQeDlwQzBhTW93VXhCc3ZPMWFCclpIX3JHYkI1Sk9Z?oc=5,-0.8972774054855108,2026-01-24
2026-01-24 16:36:00,TSLA,$TSLA stock rose 2% this week. Here's what we see in our data. - Quiver Quantitative,https://news.google.com/rss/articles/CBMiowFBVV95cUxQZ0JnUnpaT2FYRUU0QVNxcFVxRFowQnB1aDg2XzhKbXhzcTJLSFlqNEwzSmRNZjJOczI1ZWZGSEttWFV2MXVzMzdYUGlCdVZrQnIycEoybFp6b1FzQzlwbG16eHVDU25DWjhsamZDUTB0RDBCNDhMQWdMM3BrNm1QVk1IVnNqaWRiTnZSQk1VQkE1b2MtdjFGcVNfT1BxTjBaX0RB?oc=5,0.11840905249118805,2026-01-24
2026-01-24 15:59:44,AAPL,Jim Cramer Reveals Why Apple (AAPL) Stock is Struggling - Yahoo Finance,https://news.google.com/rss/articles/CBMif0FVX3lxTE1SdFVoRUQ3WjRST21saXpCVkF0QzRuaHFXWE4tdy1KSTdIWWI1aHJLSE56WjljblA4ejJmQXpEQXRBS0JoazFKUmFNVlJaN1V1aUlTaXZRQUF4bFpYOFc4N2txRFFtUFlyelZET3BOVkY4UTBkdzFzRERDRmlZVDg?oc=5,-0.7061158660799265,2026-01-24
2026-01-24 09:45:53,AAPL,Apple Inc. $AAPL Stock Holdings Raised by CWA Asset Management Group LLC - MarketBeat,https://news.google.com/rss/articles/CBMiywFBVV95cUxOOWVINTNqNzVMM1h0VzRDZXJOOWxlaHhiZHk0QTEzUG83V3Zoa05Wd3loRnFYWWxkeXdBWFlsc1BuVUpoWk1jUDM4WUY5aGItb3E1cURaci1CX2Iyd01YUzg1Z1RkcW0xV0prRXFlalJDSTRkV1AyTDNSR1RSX2lGMk00ajdxaVltX0xBYlJBb19Bc2Mzb2Y3RVduMXJjMzg3VWx6MWJRU1dqd0hxU0tnZUVDeXc4M1FlcThIbjRIQjRGY2p3MTJOakxlcw?oc=5,0.054778484627604485,2026-01-24
2026-01-23 22:48:00,TSLA,Tesla Removed Some Safety Monitors From Robotaxis. Now Musk Makes This FSD Warning. - Investor's Business Daily,https://news.google.com/rss/articles/CBMilAFBVV95cUxPMjlNMW5LY1dKcklsenZucUVLNGhBSXpfUXU4aWxGUmtfTGE1b2RHdUJWaXZHYTNHTVlFd1JkZi03Mml2WndKemJ6VHBCQjBKQXdKVmVMSklsdUVQMG1rRndYby01SjdCd25aUF9ieC10VUEyeTV5NldRMXhBUFhyaG40UUFROHhxRWFEVFlZR0dsTmR3?oc=5,-0.11021341010928154,2026-01-23
2026-01-23 20:20:25,AAPL,"Buy the Dip in Apple Stock Before January 29, According to Goldman Sachs - Yahoo Finance",https://news.google.com/rss/articles/CBMifkFVX3lxTE85RVpqT09NY1JJSUtSRV9jNGtkQ2NMTG1uQk5oX0VudTl6dHBLeFVrSDJGLUV1c240dl9tMFZXQ2kzX2ZPbzdhdGItYWloOG9vLTJDZ0VmQnVDYS1rUUpEM3F5QU15SjByWFcxSHdLWk50MGNpRU9IakVSY3UxQQ?oc=5,-0.029921986162662506,2026-01-23
2026-01-23 18:14:00,TSLA,TSLA: Tesla Stock Slides as Robotaxi Autonomy Faces Scrutiny - Yahoo Finance,https://news.google.com/rss/articles/CBMihAFBVV95cUxObDRwZFVCSzltTFVaRndLbDlQTDAzOGJiNmQ4LW55WFVKdmFqb1JKUmVqNjdvcEJIZzN0bnBfOTJWSFdpLU1vd3hqU1JuMEdxLXA0ekp5aHRWZ0JtYmpoY2tTOGQxODZDUjRDOEVuWjRwOE9PZ3hTUUhmYXVmWVlPSVhpWGg?oc=5,-0.950090803205967,2026-01-23
2026-01-23 18:10:31,TSLA,Autosteer Out: Tesla Stock (NASDAQ:TSLA) Slips as Lesser Trims Lose Autosteer Systems - TipRanks,https://news.google.com/rss/articles/CBMisAFBVV95cUxPb3hoYzhQbWJZdXYxWVBjdzdPNUR0T0plMWlLdUFGbU9PQ0JKNTNZbDI2SnRkck1HSHctMi1sTFNHQ1Z6Sks2YmljN3dobm1IRGl6TFBrTG1rVFFSYlVXeFRDSkI5RldjSVMwdnNFaTZEMHg3NUc1eVRJODFTa1lVdkhQby15MTk2SDA0VlItVWc5b28td3o1dW5aZWF0MmgxaXpnU2pvZnBvZ0FVa0hxWQ?oc=5,-0.9568829387426376,2026-01-23
2026-01-23 17:20:21,TSLA,"As Tesla Ditches Safety Monitors in Austin, Should You Buy TSLA Stock for a Robotaxi Future? - Barchart.com",https://news.google.com/rss/articles/CBMi0AFBVV95cUxNOGsxNm5FbEViZERyZTVpbEVuMzRvRTd0TTF2SnlWT2o1VFJGcF9JejVrNGxtRk8wc0llT0d1MjhqWmxfdi0yUzUxOEJHY0JmUjg5c0xVQ1dzNG5vNlk5WjV2Ymh2ZWYydE1ILUQ3VzU2NTdDZFotOWgyLVF5MlZxNGJhZDN2MnNndVlrWkdCYWNzaVdZcE5QWTRKRXpEU1FDMl9NMUlGNWpsNHFfNENKX2s1NTMtSTAyc01saHBzRFJ1RzJaakFlOElCNFNNSnlw?oc=5,0.0124981589615345,2026-01-23
2026-01-23 16:12:00,TSLA,Does This Good News From Tesla Make the Growth Stock a Buy? - The Motley Fool,https://news.google.com/rss/articles/CBMimAFBVV95cUxNSGxXY2JWc09tSzhKUGh6eXhKMVdSajczQ1ROUXIzZmtHM0pETGc3X0h4TG1OWThTeDR3VW9QeDVJLTdCZjJFN2NOTnJKYmRNQ3NUY1ZRNkxha19CbzVwSl9zTER6S2d0REVRdTRCMFg1clZPdk1qa2M2TVFNUUF6bUQ3TUJQOFJDUV9SZzNJVEppZ3p6anBmVg?oc=5,0.11216943338513374,2026-01-23
2026-01-23 16:05:00,AAPL,Where Will Apple Stock Be in 1 Year? - The Motley Fool,https://news.google.com/rss/articles/CBMihAFBVV95cUxNVzY5Sll5QUlvOHluTkxES056ZEVOdzE4ZkdVTGVwck5jd0ZidjNfczNXVnhaRmJKTTJmRURrb2ptaW8wTGxCdERvaEZXa2M5aGtmVVFfcmZvVl9zZ2RCNl9DQUZERW04eTN6QXlWUVdHb3VUVUhoRF9FNmhOSFpXYmdDbzU?oc=5,0.0019409693777561188,2026-01-23
2026-01-23 15:23:59,AAPL,"As Apple Builds Its New Campos Chatbot, Should You Buy, Sell, or Hold AAPL Stock? - Barchart.com",https://news.google.com/rss/articles/CBMivwFBVV95cUxPLXp6cHRBU29HcHBjSEdLNkdTUFBRdm40aXQ2RE9WaDlqYWZKcTNMOUcwcFEtc2hLN1pvUGdCNGdFYzhTdlp0cHdPZU0tU0xtUmwwVzhKUXNVQ09jaFhRbDFLWDdYRHBpQkN4WV91RDNPc25QdlV3SUZ0ZnMzTnBHR0VpMmVMNXJnOGE2OWlEYkdQQjlGN085N1djdFpWUGRENVFoeHBKWnNTbTRvNVVpUjMyZEVFeTk4aUZCcW03Zw?oc=5,0.014739636331796646,2026-01-23
2026-01-23 14:25:43,AAPL,"Ahead of Earnings, Is Apple Stock a Buy, a Sell, or Fairly Valued? - Morningstar Canada",https://news.google.com/rss/articles/CBMioAFBVV95cUxPem5mQjl1UVlkYXduNXU5ZnpYaHlSX2F0S1BPLTNVemJpVVRtTlc1V0xOMzc2WGdwbDJlaS1LNG5QbDNlZW13V0JfLUs0c1VHRGtrZXZBN2llQXlMX1pRcFg3clFZZnBnN1k3c2h5dFJMckFkVXRRRkRqUzZ4S1IzaUJLX3R1T0t1MV9XOUVoQUphTHA4c3B5THVxOFNtY0lu?oc=5,0.02841624617576599,2026-01-23
2026-01-23 11:01:16,TSLA,"Tesla Stock Is Riding Robotaxi Optimism, but Is It Overvalued? - Morningstar",https://news.google.com/rss/articles/CBMilgFBVV95cUxQLWJGSmZuaWFXQXBzVG9TSy03V19xTmtoenVZMWhhRkl2YXlLeWQtQUJKTFFhU2s2TUhHVFJkNXdPSGNCSVJnTkRiQkdCdjhURmpEQmhXUmcwYWpXbkhQZzNnbkVJMENxZFdPWS1NcTdBWkxtRWMtdmRXS0pzNGxLZk1kYUhzeS14dS01UXpfdUd3WTk0d0E?oc=5,0.20206043869256973,2026-01-23
2026-01-23 09:19:02,TSLA,"Nasdaq, S&P 500 Futures Subdued Ahead Of PMI Data: Why INTC, TSLA, NFLX, VST, MOVE Are On Traders' Radar Today - Stocktwits",https://news.google.com/rss/articles/CBMizgFBVV95cUxNcnFTdXdDVUNwMlgtSENJWnJhSlJiMkthZDlvNE9iM041anBqNkpNdGVVV2s0NnlzTFNDaW81b0xkZzFmcmR6U2ZHcTB0Z21abU0yT1phd29pclFXcGhKalo2Y0xJQUk5YzR4ZTN3cG9SRHl3emJCOFZJcm5WdUo5YzZTaGlkVmVDQWllRnBocmFvMDlDdTNtam9tSEdwTFVtQzA0cUdadUFESkkwS3BvZnl6bUkyWlpUa2RsbFNaT041cW1Bekx5emtPUk5NZw?oc=5,-0.5517230704426765,2026-01-23
2026-01-23 09:11:43,AAPL,Endeavor Private Wealth Inc. Grows Stock Position in Apple Inc. $AAPL - MarketBeat,https://news.google.com/rss/articles/CBMixgFBVV95cUxQZnUtdGhMZERnLWJHNS02U3NtM0VlOHlQWXktbVhyZlV3TXp5d2htWm12LXppU2hUclh2ZjMzcDJRNzFIbG1NYmp3ZlBGY2NGdEtQQXV0MV9Qa2V3TUNqZ0gxWlBvSi1SRkJJVWt1Q044ZnhNY2h2aVBpY29ZQ2l4ZVJWekdmZUdOa0hTT1hrb2VnY3lySzRzSFBnM1V1VmFXUWxwTkYyQUJFZmJQY0M4MnlFYzdiS29wSXdWZ2s2d1RLWXl5RUE?oc=5,0.8697379007935524,2026-01-23
2026-01-23 08:38:06,AAPL,Is Apple (AAPL) Starting To Look Expensive After Recent Share Price Weakness? - simplywall.st,https://news.google.com/rss/articles/CBMiuwFBVV95cUxQODNReWU0Yng0M2FaWDRpRVZLalAtZy1BRF9yVXBHcFhwR2x4bWxLLWJNU1ZHbERVN1NmUFV4UXdDaGxjdHJiQWVYQV82OUw5eDRQYTlnaVNPci1yd0JKa0p1dkV0VDVjVk9URDR4d21kaFZiNGc2VjB5WE9tNHNTY2dwUkU4THg0R1ZnQXZLb3FjQWZBM2hvTVRROUY3Mi16S2FINDBrNmtYUnotT1ZWUXN2N3Z1ZTdDT3ZJ0gHAAUFVX3lxTE1ua3ZpTzdGRWFQbUpGaEh4NVdWZmt6ZjU4Vng5VXFKZVZTM0lURTIwSGx4N1JJdHVRTm1RTlNxOXM3S2RfRnREWGptTlJyMjJUUVlRcHhkdVZrYTFnRnRVdFFReW1pVVk2NXR6VWU0SUJoT1Zjdk1uWHBOUWE1UTU0U1g4SERhYW1rSWVLZ3ZiY0tFZjlJTUwxeU56X0NJeEpqSzJPMmZLNUpBOGVKZ2wya0hHeHB4YzJubHFaWmdiVg?oc=5,-0.24672186374664307,2026-01-23
2026-01-23 06:05:00,AAPL,Prediction: 4 Stocks That'll Be Worth More Than Apple 5 Years From Now - The Motley Fool,https://news.google.com/rss/articles/CBMimAFBVV95cUxQb3EteDdRVnVNZ09rUXNqczEyQjNWUEFXaGpDV2JWTGxJZjVrTGYxekJ2MFg0QllWSUtuWEJCRHI1UGxxYi0xTGpUTlFMSkdPaEhCZk43MTRGcnl0MVVTWVlxMFBxNjJYQTU2U1Rsdm1KQkxUUjROM1lobHNUU3JjVW9ya2RCTllwd0tnSHhNbG5DekRUQjVnMQ?oc=5,0.1200384246185422,2026-01-23
2026-01-23 05:53:00,TSLA,Tesla stock pops as Elon Musk posts video claiming no safety monitor in Austin robotaxi - Yahoo Finance,https://news.google.com/rss/articles/CBMizgFBVV95cUxNYjRSLU90WGZwalhqQUplSEFsdU1PWnh5dGRVRmtkTUc5eXp2ZDZDb3RWY1VLR0ppUG1WazdXVnphSFFONV9zWjRFVEFuVmlHTEl1bVlOaGJzVFQ0TkZNSHBrdFFkSW9OdDVtNmx2cGpVWGFiak9pSlc4TnJid0hlNHJ6dk5GSUJRYVVjelprX2FFcDRoeHRfOURJVkZMSTZjUldMWG03b0xNUjBGYUhSS0RhbGJRc3FIY2ZXZ0pmVWNvdWRHSW10elhPb2RTdw?oc=5,-0.22670073807239532,2026-01-23
2026-01-22 23:12:56,TSLA,Tesla’s Robotaxi Goes Unsupervised: Is the Rally Justified? - MarketBeat,https://news.google.com/rss/articles/CBMimgFBVV95cUxQRDVkcmlWclhXLVNvRnVGbzVwQVBQcTRZTnFFalJfS3JncU5qRkNYcmhEVkpoa0RQY3k1OHV4ZDg0WVZUa29vOWdoNnEzYm5oSVUwcHlWd0R6SW9hX01uRlJmekxkel9WdEppa1R5blNhbWp1SGh6SDhId3BrMkFsb2pBRVhkOWR5NlI0VXNkZk94al9WdEJpS0pR?oc=5,0.11322971060872078,2026-01-22
2026-01-22 22:30:00,TSLA,Tesla Removes Safety Monitors From Some Austin Robotaxis. The Stock Is Rising. - Investor's Business Daily,https://news.google.com/rss/articles/CBMimgFBVV95cUxPY2tfZ1dLLXdqV3RrZlVvckJUY09BdVZkSk9QRl9xa3k2NlhBVFJTTWx1SVFVQkdMOHhRbkVRd05XQ0hVVXlnVmg4bmdFcmRrWDNhbzFNUVlGd1lSc1RhZ3pjUGoyUmh0OHV2SXMzUVVwd1QzTUxEc2wtSTdrNWt2NV83S18yRXVmSjM1OGFGVTA4T0pVaXhMUzN3?oc=5,0.35800642520189285,2026-01-22
2026-01-22 21:53:52,AAPL,"Ahead of Q1 Earnings, Let’s Look at Who Owns Apple Stock (AAPL) - TipRanks",https://news.google.com/rss/articles/CBMikwFBVV95cUxNdVp0Q2FsWjQtQUlVRl9malBLR1U4UjhnWlJTVnRucW41WWNCS2RMdTZxRlVSazZEalNtc0g2dVVuTjRZSWZkZ3FoaE5RTnJCRjVVSXJHQVJDUXhUMjlhVEJrQ2dRZlA0a3c1SXc3NmFYYThyOWM1TnN2eXRBcTBKcTZ1LXgyYmVtY0tFNkJYLWFOSXM?oc=5,0.011652801185846329,2026-01-22
2026-01-22 21:47:48,AAPL,Why Apple’s Sell-Off May Be Overdone Right Before Earnings - MarketBeat,https://news.google.com/rss/articles/CBMimwFBVV95cUxNYU0zQVRWalJkNXdiX29rQW1sWlE5Sk01eW9Mc0xTXzNac0hMZDJhY0lxX0RSUVBmYnNKdlNCLVU4M21hZmZZU2k1dmxIWXU2eHFRNkdXZjJURUZZemNIUm4zVmQ2WDN0XzV3US1WVlVfWFJZT1h0MnU0V05aV1N3SEsyaThvcEZCQzlJb3BUR25nZU9ncHc3WmUtVQ?oc=5,-0.4405004642903805,2026-01-22
2026-01-22 20:14:22,TSLA,Elon Musk Says Optimus Robots Are Coming Your Way. That Has Tesla Stock on the Rise. - Investopedia,https://news.google.com/rss/articles/CBMiwwFBVV95cUxPOGNjRERtMUU5OFNMU2RnUWhFcEFubVh2OTU0ZnNRcTlmOXYyRDhtVC1qSXhLSlFmLTZvb3dWUzJBZDdlQzI0NWFXVExsb3F0M2pkYkNFbnA4VXVXUmpyODJObXV5V1g0SkRWM2hGdHVVVHdVNjVfVEZUUmU0c2E5aWhvNGFzQThuM3FIc1VLMFlhMjQzX08wT20zd1BmSzZoOGI3UExXcE95Y1VFWm5GMU0wbENGQ0xXV2FNSTc5QjJORzQ?oc=5,0.2674132324755192,2026-01-22
2026-01-22 19:40:37,TSLA,"Dear Tesla Stock Fans, Mark Your Calendars for January 28 - Yahoo Finance",https://news.google.com/rss/articles/CBMifEFVX3lxTE1faWhjclZndlpfMDJZNG91MG1NWTNIX3VfMk51LVUtUHktUFY3TnljOC1xWmtlRWN2cmwydjRZWDhrQVBDOHhSX1ZxbmNSUU5sdmRtOS1obE13d1MzWUxnb1BsYmw4RExGYi03TFVVMWV4d0pBc25SUDVBZ3M?oc=5,-0.01622319594025612,2026-01-22
2026-01-22 19:26:36,TSLA,"Elon Musk Warns of Slow Cybercab, Optimus Production. What Does That Mean for the TSLA Stock Bull Case? - Yahoo Finance",https://news.google.com/rss/articles/CBMigAFBVV95cUxOZTRyVGFfaGVDYkY3RlNJUnQzTG5WTlJFSUEyLVNYLTMxY0pMbi1NeGJUWWxwZTRwdGNtVDlySTZWQjRTT195czFDNzRlenRVaW5PN0xUTEFvTElVRlFDYUU1dE5LOEFFTDRFMmN1NzNyQzN1MUZhYmM5QkJIbjRaeg?oc=5,-0.6469970773905516,2026-01-22
2026-01-22 18:03:06,TSLA,“Completely Out of the Question.” Tesla Stock (NASDAQ:TSLA) Jumps as German Study Rejects Tesla - TipRanks,https://news.google.com/rss/articles/CBMiuwFBVV95cUxNUk1PT3pINnlyY1hMUUZYQW85Um1nMWZ3T0ZIUVFMcXk3Y3JSejI4MS1FTlluU1JWYTBWc2xoWWtVUG81RE5xNWxVaEE3UGFhTWpuUHZZclp4dklIdHpmLVNfMTUzZzdYNGMybHQ2elZ3ODAwVWNDMjJkM1hEdkowb3ItMk1kd2JEUVNscGd1am9tSTZpblVMcUNhSWs5VEV6ZXpjTmk0ODJ2ejdwMy11N1RBUEQ5Zm9jVDZr?oc=5,-0.324048712849617,2026-01-22
2026-01-22 17:38:21,TSLA,Tesla Stock (TSLA) Rallies after Musk Provides Timeline for Optimus Sales - TipRanks,https://news.google.com/rss/articles/CBMiowFBVV95cUxNd3paT3B4WWNScnVxZDh6MHY4RTBFMTZhRkY2X2s3TGR0UW81X2pPTWh5dlBGNG1mOHprNGxGUmZUZW9sdUo0N3Zkamd6eThLcGlmcmsyNXBfa24zdllZZHFMdVFkU21SVU1xNnc0NlhHY19zYWt3VFFiaXQ2YXM3WGU2TnZCcFU0RE9qSXotZk1HcXBYZW45SmVkb3hiRFFXQ3BF?oc=5,0.22753554582595825,2026-01-22
2026-01-22 15:38:05,AAPL,Apple FQ1 Earnings: 2 Accounting Details To Watch For (AAPL) - Seeking Alpha,https://news.google.com/rss/articles/CBMimAFBVV95cUxOZm1UTDVscXRqcVplaS1GNnlnUnVLWE9xb0tTZTR2RTJzZ3BhLVpWblZkWUJ2OXh6RDBvWGFOeWR4NkJ5azlCWVJhd1RKSW1pYTlSN2lGUWNDdkd5WVc2d3cwMmRLRlFCcnk4cTVSLXRoRUNWMGRSREwtQkt4TDg5LUJmNk83ZDgwX2VIYUtweFBIemNBYzFiVA?oc=5,0.013415930792689323,2026-01-22
2026-01-22 15:03:00,TSLA,Tesla Investors Ask Whether A SpaceX IPO Will Snub The Musk Faithful - Investor's Business Daily,https://news.google.com/rss/articles/CBMinAFBVV95cUxNTzVOTUI2enp1UlZLTjZzNGdrQklTbW0wSjVEenhoa3J5cGFPZGF2bk9CSmVvdU5NQ19vTTZhWUw4WHNhQndXZUEyLTUxa2RELWpqRk1pODByTWpZcThiLVN5aFJxTzlUYmdCNDdEc3g2cG1KNGZkYkFnQlhaR251NUxndEg0NEdFZ1BxaWJOX0tZS2t4YjVYajV0SVM?oc=5,-0.7609593737870455,2026-01-22
2026-01-22 14:05:09,TSLA,Tesla (NASDAQ: TSLA) Stock Price Prediction and Forecast 2026-2030 (Jan 22) - 24/7 Wall St.,https://news.google.com/rss/articles/CBMijAFBVV95cUxNQjNKMU9fN0RPTTZmWHBRZzE1TGFWeFo5V2NvRFNtNTBiMFc2azE4REZtSnVFMkcwWjNOcFlmYy16MWZ1UXpjRjhmaG8xZmlfN3V1WTc3bVR6ekpYWWZlbG5SQ3FMLXRmczZDY3R2WnAzTnlfMDJ5WUtuYVA4cFMzQjJwVzZHUU1QdEUyMg?oc=5,0.0052528902888298035,2026-01-22
2026-01-22 13:34:06,AAPL,WT Wealth Management Has $10.68 Million Stock Holdings in Apple Inc. $AAPL - MarketBeat,https://news.google.com/rss/articles/CBMiywFBVV95cUxNMFVXRTN1b0xfY2pJV3o4ZEFwRTE1YVFtTnpxU3ltMk9QRk1BMk1rN2pzeUo4b3FKMDFoaWRvMC1rTUJtcjMxS1JVa2VqNGRIanI1dG1YM0RMMXQwYkdBTmozbzZZTnNoMXdiT3hmbExiSEZkT09ULVNYZlhZQUh3LXhMaklBTkdUeUtWdzRGd0xaeXBEbWhhRjkzeDNPaG5CXzYxU1JDRnpNbHhyQnJidEZPY0tKTG1XdVRjblpyMzlfWFJDZmRqeVBVNA?oc=5,0.021813456900417805,2026-01-22
2026-01-22 11:48:28,AAPL,"“I’d Like to be as Incompetent,” As Apple (AAPL)’s CEO, Says Jim Cramer - Yahoo Finance",https://news.google.com/rss/articles/CBMif0FVX3lxTE9OZ3NENG9FQ2std015MDcxUU5XUXNDNVI4VExJYTBwZXpWUWlUOVREZzdYZmlIaEc2bEV4di1JOTBaeUJ0b0pab1Y0bTBGc3U3bzVESlM5RDhIRTlOVTRwUVdDa3lDa2VPWXg4OXBPN1BrZkJZY0RSQVVuRHQ4T1E?oc=5,-0.2618539072573185,2026-01-22
2026-01-22 07:51:40,AAPL,Evaluating Apple (AAPL) Valuation After Recent Mixed Share Price Performance - simplywall.st,https://news.google.com/rss/articles/CBMivAFBVV95cUxNb0xLc180Uk9Ick53OHRDWmRqMUFULU9Da1NIMHJvVDQ3ZEFwT3I5eWJhWnQzZjJ6QlJwVTdLa1MyTFhWR3M1RGNmWEFLeWNOZm1GUHFsM25lZWFSYUg4aF85S2cxYU0yYkN5VTFMUnZGcFg4UmxKVFcwUUdFNy0ySnBULURCc0gwa3dSVUFaM0JYLVNGNlNiWUpEUnJMalRhY1FQRXhhcFVVRDM0dEY4YkxEdm4xWGx6cVVrbNIBwgFBVV95cUxOa1hfTlZLb0VEcEpGVjQ1bkc4dUNfTWZvREFGSFNPbW5LbE9RdGs0bkNaQU9TLV83eGx5ZWZ2MlV6bTNWQ19qdG5WNHdWMWxYaElYV3ZNTmk1SmtUY295blNkVkVRZE9jNldscDhadFcteWV5TGMtcnFXNGl4LTl4RmN1OUNtdDg2aVBtZE5xRHlHVU9aUVNYN0o1OFNrbWQ0N1Fva2ZnUnJNcWVKOWU3Vjd2MEVQQnp4bkd2S3VFOUZlZw?oc=5,0.04840969294309616,2026-01-22
2026-01-22 00:25:22,AAPL,"‘Apple Stock Headed for $300’: Top Analyst Sees AAPL Rising Despite Tariffs, Regulation, and Macro Uncertainty - TipRanks",https://news.google.com/rss/articles/CBMizwFBVV95cUxQNXdZUmVMY1VFMm5SV0dvbTJDdy1pSFpwT0pBNm9wWmxtSVFqNzJBeTBNUDNuYXI5V0JfTTFZMlV0MnpLcFNMalZhN1lBM1dkTWw0ejhFM01KbWExWlJVeE9XMHBvMWRWa0dVQ3FXU0ROZ2ljenhwUHBqOVM5STNRZnVHanRYR2E1R2dKb3piLUlPNmJJTTJySTJDZi1abWxfalhLX0hfOHJSei1Eb3ZNRV9vckMya0hpMkhHNDNJWTE5b0xWMGo0VFJpalVKX28?oc=5,0.7581481765955687,2026-01-22
2026-01-21 19:39:10,AAPL,Apple's weakness is a 'buying opportunity' into earnings: Goldman (AAPL:NASDAQ) - Seeking Alpha,https://news.google.com/rss/articles/CBMioAFBVV95cUxNVGttWTJPNGhQZWxTVm1HRW1NdE1PejY0MjVxa3RZazZVQmVmU3BwVS1KOGpkSW5WZl9BUDlIUUZzOWU3cENJVVNmZno5eXRScUhJU2JOZ0FxTDZ6Wlo0ZklfcVFmYTlQQzJnYU9PQnliSWhVNW1sUGRPSnhLZVZoSlo3TnVUcGVQbENKbGM5RUJFRUMyMGNvRklvNkxMZkhw?oc=5,0.23007791675627232,2026-01-21
2026-01-21 17:41:14,TSLA,Tesla's Earnings Could Be Much Better Than Expected (NASDAQ:TSLA) - Seeking Alpha,https://news.google.com/rss/articles/CBMilAFBVV95cUxPUzYxT3d3U3RJd0wtV0RpVy1pOU0yZ2VIaTRCeHBMUXlJekVUb0lhVW1lWXU2akF0bkxWTmpfOTF0d2IzVU9sOTZkanZSclFVbGNqemVFc0NWdnlMMkQyM09xU3IyRC1pcE5QTmFCZUJpdHB4V0w3SXg1eTN4NWJMTmRzcTJXMV9WbE5XdlpSZkpMQ2NC?oc=5,0.9417385682463646,2026-01-21
2026-01-21 14:34:10,TSLA,Tesla Bulls vs. Bears Are Getting Loud Ahead of Earnings - MarketBeat,https://news.google.com/rss/articles/CBMimAFBVV95cUxQeHM5MGwtUkxMNWEyaDVhRU1nTkY1c3hEbF9vNDY5c3ZCeTNqMTZ5aTdISmJMZUpTcnBEUmRmRTV1VUJHOVFTOFFrTVJJdUR4VmlZUE83aVptMFk2SEgxbDJMNVBKODlSRklOM1NmTU9ONTFremQwWjM5TmZiRjJ4eGtuUHFLb1lJbDhHb3JJSnpDOFBwYTQ0bQ?oc=5,0.007958099246025085,2026-01-21
2026-01-21 12:32:03,TSLA,"Buy, Sell or Hold TSLA Stock? Key Tips Ahead of Q4 Earnings - Zacks Investment Research",https://news.google.com/rss/articles/CBMinwFBVV95cUxPYkoxVVZScW5JQk9MdVNjS0N0VkZDM3RQLW5aNld2ZUt5dGN5ZGtNdUptTFplQXdEdWVLbjlVN1YtdGw3Rmo4VjlPcXVhV2RFTHdBYzY2MGtUNzNZaUJHZ1ZKa25RczBWZnF6VTUtd25pZ1QwcmdoSjlMWjZwengteUJ3bmg4dGFGdmRVR0FBN2lqVUdDLVBTaWNZNU8xNHM?oc=5,-0.011845119297504425,2026-01-21
2026-01-21 10:37:14,AAPL,Apple Inc. $AAPL Stock Position Lowered by JARISLOWSKY FRASER Ltd - MarketBeat,https://news.google.com/rss/articles/CBMiwgFBVV95cUxNNmw3SGt0QkVRcjREcGxGdmFGeGZMRndYaWkyeFJGSFFHb1hSYVQ2VHJ5aVpoMllwYjFtbUNQcUZ1LU9LZ196MFdvX3lWeDBqOWw3NXJHeTFGdmlEVTlfazhydjMtNU9OdXEzVnMyMW52allWYjZvdkRLNUVxSVRaUUp0b05nVVE2blBqR2xNSU1IWUVyNm1ZZTRXSlFvMHg1dlljVk84V2hxU3lSN0pRc0pKVEpqdGFpUnhucDBSSElpdw?oc=5,-0.9259619349613786,2026-01-21
2026-01-20 17:33:00,TSLA,"Tesla, Inc. Stock (TSLA) Opinions on AI and Robotaxi Developments - Quiver Quantitative",https://news.google.com/rss/articles/CBMipwFBVV95cUxNeWVzZ3QxRUtXMzFDbnZ0cDE3ekI2YWIySnpoclV1djQ1LTgyTlU3dzh3Nmo5R01ac2ZfbTliWW9oVmdKSGlaVWNYcFNETFI4LWR6MlB0NTd1MWhWdmtGQkpBeWZkSG15UjRROXpxcUV0NUItcVI3MnQ2cmw3RGpEVHNJZU92S3hZZzNKNkdfc29Nb2VUbFRjS2VhMnQ5ek1Yd0V5ZGtGQQ?oc=5,0.04114978667348623,2026-01-20
2026-01-12 08:00:00,AAPL,Will AAPL Stock Rally Again in 2026 to Help Apple Regain the Throne as the Biggest Company? - Yahoo Finance,https://news.google.com/rss/articles/CBMifkFVX3lxTE9NSUJQU2s3akdpZUFhOENZSllab0czaW55ZmphbE81MENabEJZZ1dXZXNhdUplcFZPbzBmZjkwYTlHNVBzZTNSV25OWjdOY3ZqeXZLMUlpY2NqWEkyeXA3RlFuYXgyVU9tb3FWYnBNNXdsekRCMXVzUEl1blJ6Zw?oc=5,0.2793976878747344,2026-01-12
2026-01-11 08:00:00,TSLA,5 Companies Racing to Dethrone Tesla—And the One Already Winning - 24/7 Wall St.,https://news.google.com/rss/articles/CBMirAFBVV95cUxNLTlnaHJ2UnBDMU0wYjVoX2xrS2hZS2x5ZXhzLW1Vc0MtcTV3YUh2SjMyUnRGb3R2MF9yelQ1WmluY0tacHc0cTNiY012VG1yNnJpVUVxdUJlQjZtQmZPeEl4VWxjR3dXdDJ1MkRBSXQxel81LXlhTjJ1dEs0ZnN2WmMwN3dSdmZ2V2ZNYlhSWHhQN1Ywd09UeS0tUXN4NkM4QWNHSVB2NGFPRXF0?oc=5,0.09796759858727455,2026-01-11
2026-01-08 08:00:00,AAPL,Apple Stock: Time To Get Out (NASDAQ:AAPL) - Seeking Alpha,https://news.google.com/rss/articles/CBMib0FVX3lxTFB1VUtkSkNTNFpxS05LSEhpMFVtbW12YTYxQmxUYnBLd3NHWHE5ZHFxVjlhaEh6SExneW1MQkRMQXVJdml5dGs5eE1GeVlyenRuSFA1N2kycUQydnFuMTBPWnZYcUpGRTdfS2ZQeTZRTQ?oc=5,0.15927212871611118,2026-01-08
2026-01-08 08:00:00,AAPL,"Here's Why This Sleeping Giant Is My Top ""Magnificent Seven"" Stock To Buy in January - The Motley Fool",https://news.google.com/rss/articles/CBMimAFBVV95cUxOeWYwcHZnWFVabHZFMm1BT2ZOYU9IM1VzcHdqMzVkdm9HSXJuaFpNUW03MUdaZzJMdHQtWGRDNW5aQlBjVXFnQldoNGc2RUkyZ0hzSFN3eFV4WDZlLWhabkNHSlVwRldoZ2NDQmpodm9RRGdPRGl6RXp4Ni1Gek5wc2o0VEJCTWI5N3ptdkhRbXFFX09PV3ZVTg?oc=5,0.032796889543533325,2026-01-08
2026-01-06 08:00:00,AAPL,"Dear Apple Stock Fans, Mark Your Calendars for January 12 - Yahoo Finance",https://news.google.com/rss/articles/CBMifEFVX3lxTFBqNHptMXNYQWNmcjNqWEJQbkpaTzFRaS03QS1NcmtIRldJWGtwREhOa3Mzc0FfUWhJRjQ1a0Q5VnFnUnBXdzF5RGdaalQ4b0VfX2J3aE1WaDRPUUNhLWNTaGplWE5nZDVsOVlrcVhiM0UyZlc5UE9FVlFNbnc?oc=5,-0.022279836237430573,2026-01-06
2026-01-05 08:00:00,AAPL,Apple (AAPL) Stock Sinks As Market Gains: What You Should Know - Nasdaq,https://news.google.com/rss/articles/CBMikgFBVV95cUxNcEZjbF9DeUdoMklaUDcydHFGNGhxamp1V1FEVXNaM0tGd1NDZHE5bWlOX3dtWlN5NXU4OW82SEJITm1STFhaUFZvOXdvWGt5TTZCN2NWRzJPandWckhjYXlWdzV3OG0xWXhvcmI3ai1kaHBjRWdlbEh5VjdwdVZQcDdaVHBoZkpQS3owaGlZREI5dw?oc=5,-0.6718471348285675,2026-01-05
2026-01-05 08:00:00,AAPL,Why 1 Top Analyst Expects Apple Stock to Stagnate in 2026 - Yahoo Finance,https://news.google.com/rss/articles/CBMie0FVX3lxTFA0cDRDTE95TXBoelNtQi15Q19yTmxDM1BBdnlQUmJzRERUc2QzeVJzcEtiYUE1c0J6eVRfdkRSSmNuRF9qU0xaM2g0UXNzVU42WTNzcXpLZjJHMmdpYmxBOGVhWWpxcmdGbXpVcF9YbDZ4T04xZ3hxRHBiRQ?oc=5,-0.5735862050205469,2026-01-05
2026-01-02 08:00:00,AAPL,Is It Time To Reduce Exposure To Apple Stock? - Forbes,https://news.google.com/rss/articles/CBMipgFBVV95cUxOSVdjVmZ1THRxYUZ4ckp2bjUxVkRTZHRCSnZxSWNSSVNvYnVYdVNyWkhCUWU3Wk1vRUpkOFo3Ums1MW1NSnh1cXVKazhUT2xSaFZCS2VFN0t4MUlXbldwWFFTb2RCdldHUFB4TWtjRFZzaV9PaG9pWnNnWU5sYUhUZkstNFhISGpqcFY5YzVOY1BiejBmMUw1VUNCZC1TV2EtSVBGVC1R?oc=5,0.09967125952243805,2026-01-02
2025-12-29 08:00:00,TSLA,TSLA: Cathie Wood Dumps $30 Million Worth Tesla Stock - Yahoo Finance,https://news.google.com/rss/articles/CBMie0FVX3lxTE8zUE1vUXBmWmc0UUJob0VnbHQyNFF6SktIZWpsdWRWNWRPd0Z4MmYxNkQ4VW9hYjQ2bVZkNHhleFY2anR2dnNkWkUyNHlSLUdwdEFPMkFUM3dhTGNuTG9Dem1ZZDdlVEdLOUJPek0zdU5YbWgzcUVRaVdYcw?oc=5,-0.48268911615014076,2025-12-29
